{
	"song": {
		"player1": "bf",
		"events": [
			[
				0,
				[
					[
						"Opponent Notes Right Side 4k",
						"",
						""
					]
				]
			],
			[
				5227.5,
				[
					[
						"Play Animation",
						"heyPico",
						"bf"
					],
					[
						"lyrics",
						"Hey, Pico...",
						"31B0D1"
					]
				]
			],
			[
				6150,
				[
					[
						"Play Animation",
						"smonk",
						"Dad"
					],
					[
						"lyrics",
						"*smonk*",
						"B7D855"
					]
				]
			],
			[
				7704.375,
				[
					[
						"lyrics",
						"Aahhhh~...",
						"B7D855"
					]
				]
			],
			[
				9123.75,
				[
					[
						"lyrics",
						"ok",
						"31B0D1"
					]
				]
			],
			[
				9600,
				[
					[
						"lyrics",
						"",
						"31B0D1"
					]
				]
			],
			[
				28200,
				[
					[
						"Play Animation",
						"burp",
						"Dad"
					]
				]
			],
			[
				68527.5,
				[
					[
						"Play Animation",
						"done",
						"bf"
					],
					[
						"lyrics",
						"Okay, are you done with your smoke break now?",
						"31B0D1"
					]
				]
			],
			[
				70800,
				[
					[
						"Play Animation",
						"noBF",
						"Dad"
					],
					[
						"lyrics",
						"No, Boyfriend, but you know what?",
						"B7D855"
					]
				]
			],
			[
				72825,
				[
					[
						"lyrics",
						"*lip smack*",
						"B7D855"
					]
				]
			],
			[
				73050,
				[
					[
						"lyrics",
						"I think I just studied the bud.",
						"B7D855"
					]
				]
			],
			[
				74775,
				[
					[
						"Play Animation",
						"uh",
						"gf"
					]
				]
			],
			[
				75300,
				[
					[
						"lyrics",
						"Heh",
						"B7D855"
					]
				]
			],
			[
				75525,
				[
					[
						"lyrics",
						"Heh heh...",
						"B7D855"
					]
				]
			],
			[
				76050,
				[
					[
						"lyrics",
						"",
						"B7D855"
					]
				]
			]
		],
		"gfVersion": "gf",
		"notes": [
			{
				"gfSection": false,
				"sectionNotes": [],
				"lengthInSteps": 16,
				"mustHitSection": false
			},
			{
				"sectionNotes": [],
				"lengthInSteps": 16,
				"gfSection": true,
				"mustHitSection": false
			},
			{
				"sectionNotes": [],
				"lengthInSteps": 16,
				"gfSection": true,
				"mustHitSection": false
			},
			{
				"sectionNotes": [],
				"lengthInSteps": 16,
				"gfSection": true,
				"mustHitSection": false
			},
			{
				"sectionNotes": [],
				"lengthInSteps": 16,
				"mustHitSection": true
			},
			{
				"sectionNotes": [],
				"lengthInSteps": 16,
				"mustHitSection": false
			},
			{
				"sectionNotes": [],
				"lengthInSteps": 16,
				"mustHitSection": false
			},
			{
				"sectionNotes": [],
				"lengthInSteps": 16,
				"mustHitSection": true
			},
			{
				"sectionNotes": [
					[
						9900,
						3,
						0
					],
					[
						10200,
						1,
						0
					],
					[
						10500,
						0,
						0
					]
				],
				"lengthInSteps": 16,
				"mustHitSection": true
			},
			{
				"sectionNotes": [
					[
						10800,
						2,
						0
					],
					[
						11100,
						2,
						0
					],
					[
						11250,
						3,
						300
					],
					[
						11700,
						1,
						0
					]
				],
				"lengthInSteps": 16,
				"mustHitSection": true
			},
			{
				"sectionNotes": [
					[
						12600,
						1,
						0
					],
					[
						12900,
						3,
						0
					],
					[
						12300,
						2,
						0
					]
				],
				"lengthInSteps": 16,
				"mustHitSection": true
			},
			{
				"sectionNotes": [
					[
						13200,
						0,
						0
					],
					[
						13500,
						3,
						0
					],
					[
						13800,
						2,
						0
					],
					[
						13950,
						3,
						0
					],
					[
						14100,
						2,
						0
					]
				],
				"lengthInSteps": 16,
				"mustHitSection": true
			},
			{
				"sectionNotes": [
					[
						14400,
						5,
						600
					],
					[
						14400,
						3,
						0
					],
					[
						14700,
						1,
						0
					],
					[
						15000,
						0,
						150
					],
					[
						15300,
						1,
						0
					],
					[
						15450,
						3,
						0
					]
				],
				"lengthInSteps": 16,
				"mustHitSection": false
			},
			{
				"sectionNotes": [
					[
						15900,
						2,
						150
					],
					[
						16200,
						2,
						0
					],
					[
						16350,
						2,
						0
					],
					[
						16500,
						1,
						0
					],
					[
						16650,
						3,
						0
					]
				],
				"lengthInSteps": 16,
				"mustHitSection": false
			},
			{
				"sectionNotes": [
					[
						16800,
						0,
						0
					],
					[
						17100,
						0,
						0
					],
					[
						17700,
						1,
						0
					],
					[
						17775,
						3,
						0
					],
					[
						16800,
						6,
						1125
					]
				],
				"lengthInSteps": 16,
				"mustHitSection": false
			},
			{
				"sectionNotes": [
					[
						18000,
						1,
						450
					],
					[
						18600,
						0,
						0
					],
					[
						18750,
						3,
						0
					],
					[
						18900,
						1,
						0
					],
					[
						19050,
						2,
						0
					],
					[
						18000,
						7,
						1050
					]
				],
				"lengthInSteps": 16,
				"mustHitSection": false
			},
			{
				"sectionNotes": [
					[
						19200,
						0,
						0
					],
					[
						19500,
						3,
						0
					],
					[
						19650,
						3,
						0
					],
					[
						19800,
						1,
						0
					],
					[
						20100,
						2,
						150
					]
				],
				"lengthInSteps": 16,
				"mustHitSection": false
			},
			{
				"sectionNotes": [
					[
						20400,
						1,
						0
					],
					[
						20550,
						0,
						0
					],
					[
						20700,
						3,
						0
					],
					[
						20850,
						2,
						0
					],
					[
						21000,
						1,
						150
					],
					[
						21300,
						3,
						150
					]
				],
				"lengthInSteps": 16,
				"mustHitSection": false
			},
			{
				"sectionNotes": [
					[
						21600,
						0,
						0
					],
					[
						21750,
						1,
						0
					],
					[
						21900,
						3,
						0
					],
					[
						22050,
						2,
						0
					],
					[
						22200,
						0,
						150
					],
					[
						22500,
						3,
						150
					]
				],
				"lengthInSteps": 16,
				"mustHitSection": false
			},
			{
				"sectionNotes": [
					[
						22800,
						0,
						0
					],
					[
						22950,
						1,
						0
					],
					[
						23100,
						0,
						0
					],
					[
						23250,
						3,
						0
					],
					[
						23400,
						1,
						0
					],
					[
						23700,
						3,
						150
					]
				],
				"lengthInSteps": 16,
				"mustHitSection": false
			},
			{
				"sectionNotes": [
					[
						24000,
						2,
						150
					],
					[
						24300,
						3,
						0
					],
					[
						24375,
						2,
						0
					],
					[
						24600,
						0,
						150
					],
					[
						24900,
						3,
						0
					],
					[
						25050,
						0,
						0
					]
				],
				"lengthInSteps": 16,
				"mustHitSection": false
			},
			{
				"sectionNotes": [
					[
						25350,
						1,
						0
					],
					[
						25500,
						3,
						0
					],
					[
						25650,
						1,
						0
					],
					[
						25200,
						0,
						0
					],
					[
						25800,
						0,
						150
					],
					[
						26100,
						1,
						150
					]
				],
				"lengthInSteps": 16,
				"mustHitSection": false
			},
			{
				"sectionNotes": [
					[
						26700,
						3,
						150
					],
					[
						27000,
						2,
						0
					],
					[
						27150,
						3,
						0
					],
					[
						27300,
						1,
						150
					]
				],
				"lengthInSteps": 16,
				"mustHitSection": false
			},
			{
				"sectionNotes": [
					[
						27600,
						0,
						150
					],
					[
						27900,
						2,
						150
					]
				],
				"lengthInSteps": 16,
				"mustHitSection": false
			},
			{
				"sectionNotes": [
					[
						28800,
						2,
						0
					],
					[
						28950,
						1,
						0
					],
					[
						29100,
						3,
						300
					],
					[
						29550,
						1,
						0
					],
					[
						29700,
						2,
						0
					],
					[
						29850,
						0,
						0
					]
				],
				"lengthInSteps": 16,
				"mustHitSection": true
			},
			{
				"sectionNotes": [
					[
						30000,
						1,
						300
					],
					[
						30450,
						3,
						300
					],
					[
						30900,
						2,
						150
					]
				],
				"lengthInSteps": 16,
				"mustHitSection": true
			},
			{
				"sectionNotes": [
					[
						31200,
						1,
						450
					],
					[
						31800,
						0,
						150
					],
					[
						32100,
						2,
						0
					],
					[
						32250,
						0,
						0
					]
				],
				"lengthInSteps": 16,
				"mustHitSection": true
			},
			{
				"sectionNotes": [
					[
						32400,
						1,
						450
					],
					[
						33000,
						3,
						0
					],
					[
						33300,
						3,
						150
					]
				],
				"lengthInSteps": 16,
				"mustHitSection": true
			},
			{
				"sectionNotes": [
					[
						33600,
						2,
						150
					],
					[
						33900,
						3,
						0
					],
					[
						34050,
						1,
						0
					],
					[
						34200,
						0,
						0
					],
					[
						34350,
						2,
						0
					],
					[
						34500,
						3,
						150
					]
				],
				"lengthInSteps": 16,
				"mustHitSection": true
			},
			{
				"sectionNotes": [
					[
						34800,
						1,
						450
					],
					[
						35400,
						0,
						450
					]
				],
				"lengthInSteps": 16,
				"mustHitSection": true
			},
			{
				"sectionNotes": [
					[
						36000,
						2,
						450
					],
					[
						36600,
						3,
						150
					],
					[
						36900,
						1,
						0
					],
					[
						37050,
						3,
						0
					]
				],
				"lengthInSteps": 16,
				"mustHitSection": true
			},
			{
				"sectionNotes": [
					[
						37200,
						0,
						150
					],
					[
						37500,
						1,
						0
					],
					[
						37650,
						0,
						0
					],
					[
						37800,
						3,
						450
					]
				],
				"lengthInSteps": 16,
				"mustHitSection": true
			},
			{
				"lengthInSteps": 16,
				"typeOfSection": 0,
				"sectionNotes": [
					[
						38400,
						6,
						750
					],
					[
						38400,
						3,
						0
					],
					[
						38700,
						1,
						0
					],
					[
						38850,
						0,
						0
					],
					[
						39000,
						2,
						150
					],
					[
						39300,
						1,
						0
					],
					[
						39450,
						3,
						0
					]
				],
				"altAnim": false,
				"bpm": 100,
				"changeBPM": false,
				"mustHitSection": false
			},
			{
				"lengthInSteps": 16,
				"typeOfSection": 0,
				"sectionNotes": [
					[
						39600,
						0,
						0
					],
					[
						39750,
						1,
						0
					],
					[
						39900,
						3,
						0
					],
					[
						40050,
						2,
						0
					],
					[
						40200,
						0,
						150
					],
					[
						40500,
						1,
						0
					],
					[
						40650,
						0,
						0
					]
				],
				"altAnim": false,
				"bpm": 100,
				"changeBPM": false,
				"mustHitSection": false
			},
			{
				"lengthInSteps": 16,
				"typeOfSection": 0,
				"sectionNotes": [
					[
						40800,
						1,
						150
					],
					[
						41100,
						3,
						150
					],
					[
						41400,
						2,
						0
					],
					[
						41700,
						1,
						150
					]
				],
				"altAnim": false,
				"bpm": 100,
				"changeBPM": false,
				"mustHitSection": false
			},
			{
				"sectionNotes": [
					[
						42300,
						0,
						0
					],
					[
						42600,
						3,
						150
					],
					[
						42900,
						1,
						0
					],
					[
						43050,
						3,
						0
					]
				],
				"typeOfSection": 0,
				"lengthInSteps": 16,
				"altAnim": false,
				"mustHitSection": false,
				"changeBPM": false,
				"bpm": 100
			},
			{
				"sectionNotes": [
					[
						43500,
						2,
						150
					],
					[
						43800,
						0,
						150
					],
					[
						44100,
						1,
						150
					]
				],
				"typeOfSection": 0,
				"lengthInSteps": 16,
				"altAnim": false,
				"mustHitSection": false,
				"changeBPM": false,
				"bpm": 100
			},
			{
				"sectionNotes": [
					[
						44700,
						0,
						0
					],
					[
						44700,
						1,
						0
					],
					[
						45300,
						2,
						0
					],
					[
						45300,
						3,
						0
					]
				],
				"typeOfSection": 0,
				"lengthInSteps": 16,
				"altAnim": false,
				"mustHitSection": false,
				"changeBPM": false,
				"bpm": 100
			},
			{
				"sectionNotes": [
					[
						45900,
						3,
						0
					],
					[
						45975,
						2,
						0
					],
					[
						46200,
						1,
						0
					],
					[
						46500,
						2,
						150
					]
				],
				"sectionBeats": 4,
				"gfSection": false,
				"altAnim": false,
				"bpm": 200,
				"changeBPM": false,
				"mustHitSection": false
			},
			{
				"sectionNotes": [
					[
						47100,
						0,
						0
					],
					[
						47100,
						2,
						0
					],
					[
						47700,
						3,
						0
					],
					[
						47700,
						1,
						0
					]
				],
				"sectionBeats": 4,
				"gfSection": false,
				"altAnim": false,
				"bpm": 200,
				"changeBPM": false,
				"mustHitSection": false
			},
			{
				"sectionNotes": [
					[
						48000,
						0,
						1050
					]
				],
				"sectionBeats": 4,
				"gfSection": false,
				"altAnim": false,
				"bpm": 200,
				"changeBPM": false,
				"mustHitSection": true
			},
			{
				"sectionNotes": [
					[
						49200,
						5,
						1050
					],
					[
						49500,
						3,
						150
					],
					[
						49800,
						0,
						150
					],
					[
						50100,
						1,
						150
					]
				],
				"sectionBeats": 4,
				"gfSection": false,
				"altAnim": false,
				"bpm": 200,
				"changeBPM": false,
				"mustHitSection": false
			},
			{
				"sectionNotes": [
					[
						50400,
						1,
						450
					],
					[
						51000,
						2,
						150
					],
					[
						51300,
						1,
						150
					]
				],
				"sectionBeats": 4,
				"gfSection": false,
				"altAnim": false,
				"bpm": 200,
				"changeBPM": false,
				"mustHitSection": true
			},
			{
				"sectionNotes": [
					[
						51600,
						7,
						1050
					],
					[
						51900,
						2,
						150
					],
					[
						52200,
						1,
						150
					],
					[
						52500,
						3,
						150
					]
				],
				"sectionBeats": 4,
				"gfSection": false,
				"altAnim": false,
				"bpm": 200,
				"changeBPM": false,
				"mustHitSection": false
			},
			{
				"sectionNotes": [
					[
						52800,
						2,
						1050
					]
				],
				"sectionBeats": 4,
				"gfSection": false,
				"altAnim": false,
				"bpm": 200,
				"changeBPM": false,
				"mustHitSection": true
			},
			{
				"sectionNotes": [
					[
						54000,
						5,
						1050
					],
					[
						54000,
						2,
						150
					],
					[
						54600,
						1,
						150
					],
					[
						54900,
						0,
						0
					],
					[
						55050,
						0,
						0
					]
				],
				"sectionBeats": 4,
				"gfSection": false,
				"altAnim": false,
				"bpm": 200,
				"changeBPM": false,
				"mustHitSection": false
			},
			{
				"sectionNotes": [
					[
						55200,
						2,
						450
					],
					[
						55800,
						0,
						150
					],
					[
						56100,
						2,
						150
					]
				],
				"sectionBeats": 4,
				"gfSection": false,
				"altAnim": false,
				"bpm": 200,
				"changeBPM": false,
				"mustHitSection": true
			},
			{
				"sectionNotes": [
					[
						56400,
						7,
						1050
					],
					[
						56400,
						2,
						150
					],
					[
						56700,
						0,
						0
					],
					[
						56850,
						2,
						0
					],
					[
						57000,
						3,
						150
					],
					[
						57300,
						3,
						150
					]
				],
				"sectionBeats": 4,
				"gfSection": false,
				"altAnim": false,
				"bpm": 200,
				"changeBPM": false,
				"mustHitSection": false
			},
			{
				"sectionNotes": [
					[
						57600,
						5,
						1050
					],
					[
						57900,
						2,
						150
					],
					[
						58200,
						1,
						0
					],
					[
						58500,
						1,
						0
					]
				],
				"sectionBeats": 4,
				"gfSection": false,
				"altAnim": false,
				"bpm": 200,
				"changeBPM": false,
				"mustHitSection": false
			},
			{
				"sectionNotes": [
					[
						58800,
						3,
						150
					],
					[
						59100,
						1,
						150
					],
					[
						59400,
						0,
						150
					],
					[
						59700,
						1,
						150
					]
				],
				"sectionBeats": 4,
				"gfSection": false,
				"altAnim": false,
				"bpm": 200,
				"changeBPM": false,
				"mustHitSection": false
			},
			{
				"sectionNotes": [
					[
						60000,
						7,
						1050
					],
					[
						60000,
						0,
						150
					],
					[
						60300,
						3,
						150
					],
					[
						60600,
						1,
						150
					],
					[
						60900,
						2,
						75
					]
				],
				"sectionBeats": 4,
				"gfSection": false,
				"altAnim": false,
				"bpm": 200,
				"changeBPM": false,
				"mustHitSection": false
			},
			{
				"sectionNotes": [
					[
						61200,
						1,
						150
					],
					[
						61500,
						3,
						150
					],
					[
						61800,
						0,
						150
					],
					[
						62100,
						1,
						150
					]
				],
				"sectionBeats": 4,
				"gfSection": false,
				"altAnim": false,
				"bpm": 200,
				"changeBPM": false,
				"mustHitSection": false
			},
			{
				"sectionNotes": [
					[
						62400,
						4,
						1050
					],
					[
						62700,
						2,
						150
					],
					[
						63000,
						0,
						150
					],
					[
						63300,
						2,
						150
					]
				],
				"sectionBeats": 4,
				"gfSection": false,
				"altAnim": false,
				"bpm": 200,
				"changeBPM": false,
				"mustHitSection": false
			},
			{
				"sectionNotes": [
					[
						63600,
						1,
						150
					],
					[
						63900,
						3,
						150
					],
					[
						64200,
						0,
						150
					],
					[
						64500,
						1,
						150
					]
				],
				"sectionBeats": 4,
				"gfSection": false,
				"altAnim": false,
				"bpm": 200,
				"changeBPM": false,
				"mustHitSection": false
			},
			{
				"sectionNotes": [
					[
						64800,
						5,
						1050
					],
					[
						64800,
						3,
						150
					],
					[
						65100,
						2,
						150
					],
					[
						65400,
						1,
						75
					],
					[
						65700,
						0,
						75
					]
				],
				"sectionBeats": 4,
				"gfSection": false,
				"altAnim": false,
				"bpm": 200,
				"changeBPM": false,
				"mustHitSection": false
			},
			{
				"sectionNotes": [
					[
						66000,
						1,
						75
					],
					[
						66300,
						3,
						150
					],
					[
						66600,
						0,
						150
					],
					[
						66900,
						1,
						150
					]
				],
				"sectionBeats": 4,
				"gfSection": false,
				"altAnim": false,
				"bpm": 200,
				"changeBPM": false,
				"mustHitSection": false
			},
			{
				"sectionNotes": [
					[
						67200,
						2,
						450
					],
					[
						67200,
						6,
						450
					]
				],
				"sectionBeats": 4,
				"gfSection": false,
				"altAnim": false,
				"bpm": 200,
				"changeBPM": false,
				"mustHitSection": true
			},
			{
				"sectionNotes": [],
				"sectionBeats": 4,
				"gfSection": false,
				"altAnim": false,
				"bpm": 200,
				"changeBPM": false,
				"mustHitSection": true
			},
			{
				"sectionNotes": [],
				"sectionBeats": 4,
				"gfSection": true,
				"altAnim": false,
				"bpm": 200,
				"changeBPM": false,
				"mustHitSection": false
			},
			{
				"sectionNotes": [],
				"sectionBeats": 4,
				"gfSection": false,
				"altAnim": false,
				"bpm": 200,
				"changeBPM": false,
				"mustHitSection": false
			},
			{
				"sectionNotes": [],
				"sectionBeats": 4,
				"gfSection": false,
				"altAnim": false,
				"bpm": 200,
				"changeBPM": false,
				"mustHitSection": false
			},
			{
				"sectionNotes": [],
				"sectionBeats": 4,
				"gfSection": false,
				"altAnim": false,
				"bpm": 200,
				"changeBPM": false,
				"mustHitSection": false
			},
			{
				"sectionNotes": [],
				"sectionBeats": 4,
				"gfSection": false,
				"altAnim": false,
				"bpm": 200,
				"changeBPM": false,
				"mustHitSection": false
			},
			{
				"sectionNotes": [],
				"sectionBeats": 4,
				"gfSection": true,
				"altAnim": false,
				"bpm": 200,
				"changeBPM": false,
				"mustHitSection": false
			},
			{
				"sectionNotes": [],
				"sectionBeats": 4,
				"gfSection": true,
				"altAnim": false,
				"bpm": 200,
				"changeBPM": false,
				"mustHitSection": true
			},
			{
				"sectionNotes": [],
				"sectionBeats": 4,
				"gfSection": true,
				"altAnim": false,
				"bpm": 200,
				"changeBPM": false,
				"mustHitSection": false
			}
		],
		"player2": "pico",
		"player3": null,
		"song": "Smoke-Break",
		"stage": "alley",
		"needsVoices": true,
		"validScore": true,
		"bpm": 200,
		"speed": 2.5
	}
}