﻿<?xml version="1.0" encoding="utf-8"?>
<TextureAtlas imagePath="BOYFRIEND.png">
	<!-- Created with Adobe Animate version 21.0.1.37179 -->
	<!-- http://www.adobe.com/products/animate.html -->
	<SubTexture name="BF NOTE DOWN MISS0000" x="5" y="5" width="357" height="357" frameX="0" frameY="-40" frameWidth="357" frameHeight="398"/>
	<SubTexture name="BF NOTE DOWN MISS0001" x="367" y="5" width="348" height="398" frameX="-5" frameY="0" frameWidth="357" frameHeight="398"/>
	<SubTexture name="BF NOTE DOWN MISS0002" x="367" y="5" width="348" height="398" frameX="-5" frameY="0" frameWidth="357" frameHeight="398"/>
	<SubTexture name="BF NOTE DOWN MISS0003" x="720" y="5" width="357" height="389" frameX="0" frameY="-8" frameWidth="357" frameHeight="398"/>
	<SubTexture name="BF NOTE DOWN MISS0004" x="720" y="5" width="357" height="389" frameX="0" frameY="-8" frameWidth="357" frameHeight="398"/>
	<SubTexture name="BF NOTE DOWN MISS0005" x="720" y="5" width="357" height="389" frameX="0" frameY="-8" frameWidth="357" frameHeight="398"/>
	<SubTexture name="BF NOTE DOWN MISS0006" x="720" y="5" width="357" height="389" frameX="0" frameY="-8" frameWidth="357" frameHeight="398"/>
	<SubTexture name="BF NOTE DOWN MISS0007" x="720" y="5" width="357" height="389" frameX="0" frameY="-8" frameWidth="357" frameHeight="398"/>
	<SubTexture name="BF NOTE DOWN MISS0008" x="720" y="5" width="357" height="389" frameX="0" frameY="-8" frameWidth="357" frameHeight="398"/>
	<SubTexture name="BF NOTE DOWN MISS0009" x="720" y="5" width="357" height="389" frameX="0" frameY="-8" frameWidth="357" frameHeight="398"/>
	<SubTexture name="BF NOTE DOWN MISS0010" x="720" y="5" width="357" height="389" frameX="0" frameY="-8" frameWidth="357" frameHeight="398"/>
	<SubTexture name="BF NOTE DOWN MISS0011" x="720" y="5" width="357" height="389" frameX="0" frameY="-8" frameWidth="357" frameHeight="398"/>
	<SubTexture name="BF NOTE DOWN MISS0012" x="720" y="5" width="357" height="389" frameX="0" frameY="-8" frameWidth="357" frameHeight="398"/>
	<SubTexture name="BF NOTE DOWN MISS0013" x="720" y="5" width="357" height="389" frameX="0" frameY="-8" frameWidth="357" frameHeight="398"/>
	<SubTexture name="BF NOTE DOWN MISS0014" x="720" y="5" width="357" height="389" frameX="0" frameY="-8" frameWidth="357" frameHeight="398"/>
	<SubTexture name="BF NOTE DOWN MISS0015" x="720" y="5" width="357" height="389" frameX="0" frameY="-8" frameWidth="357" frameHeight="398"/>
	<SubTexture name="BF NOTE DOWN MISS0016" x="720" y="5" width="357" height="389" frameX="0" frameY="-8" frameWidth="357" frameHeight="398"/>
	<SubTexture name="BF NOTE DOWN MISS0017" x="720" y="5" width="357" height="389" frameX="0" frameY="-8" frameWidth="357" frameHeight="398"/>
	<SubTexture name="BF NOTE DOWN MISS0018" x="720" y="5" width="357" height="389" frameX="0" frameY="-8" frameWidth="357" frameHeight="398"/>
	<SubTexture name="BF NOTE DOWN MISS0019" x="720" y="5" width="357" height="389" frameX="0" frameY="-8" frameWidth="357" frameHeight="398"/>
	<SubTexture name="BF NOTE DOWN MISS0020" x="720" y="5" width="357" height="389" frameX="0" frameY="-8" frameWidth="357" frameHeight="398"/>
	<SubTexture name="BF NOTE DOWN MISS0021" x="720" y="5" width="357" height="389" frameX="0" frameY="-8" frameWidth="357" frameHeight="398"/>
	<SubTexture name="BF NOTE DOWN MISS0022" x="720" y="5" width="357" height="389" frameX="0" frameY="-8" frameWidth="357" frameHeight="398"/>
	<SubTexture name="BF NOTE DOWN MISS0023" x="720" y="5" width="357" height="389" frameX="0" frameY="-8" frameWidth="357" frameHeight="398"/>
	<SubTexture name="BF NOTE DOWN MISS0024" x="720" y="5" width="357" height="389" frameX="0" frameY="-8" frameWidth="357" frameHeight="398"/>
	<SubTexture name="BF NOTE DOWN MISS0025" x="720" y="5" width="357" height="389" frameX="0" frameY="-8" frameWidth="357" frameHeight="398"/>
	<SubTexture name="BF NOTE DOWN MISS0026" x="720" y="5" width="357" height="389" frameX="0" frameY="-8" frameWidth="357" frameHeight="398"/>
	<SubTexture name="BF NOTE DOWN MISS0027" x="720" y="5" width="357" height="389" frameX="0" frameY="-8" frameWidth="357" frameHeight="398"/>
	<SubTexture name="BF NOTE DOWN MISS0028" x="720" y="5" width="357" height="389" frameX="0" frameY="-8" frameWidth="357" frameHeight="398"/>
	<SubTexture name="BF NOTE DOWN0000" x="1082" y="5" width="357" height="357" frameX="0" frameY="-5" frameWidth="357" frameHeight="362"/>
	<SubTexture name="BF NOTE DOWN0001" x="1082" y="5" width="357" height="357" frameX="0" frameY="-5" frameWidth="357" frameHeight="362"/>
	<SubTexture name="BF NOTE DOWN0002" x="1444" y="5" width="351" height="362" frameX="-4" frameY="0" frameWidth="357" frameHeight="362"/>
	<SubTexture name="BF NOTE DOWN0003" x="1444" y="5" width="351" height="362" frameX="-4" frameY="0" frameWidth="357" frameHeight="362"/>
	<SubTexture name="BF NOTE DOWN0004" x="1444" y="5" width="351" height="362" frameX="-4" frameY="0" frameWidth="357" frameHeight="362"/>
	<SubTexture name="BF NOTE DOWN0005" x="1444" y="5" width="351" height="362" frameX="-4" frameY="0" frameWidth="357" frameHeight="362"/>
	<SubTexture name="BF NOTE DOWN0006" x="1444" y="5" width="351" height="362" frameX="-4" frameY="0" frameWidth="357" frameHeight="362"/>
	<SubTexture name="BF NOTE DOWN0007" x="1444" y="5" width="351" height="362" frameX="-4" frameY="0" frameWidth="357" frameHeight="362"/>
	<SubTexture name="BF NOTE DOWN0008" x="1444" y="5" width="351" height="362" frameX="-4" frameY="0" frameWidth="357" frameHeight="362"/>
	<SubTexture name="BF NOTE DOWN0009" x="1444" y="5" width="351" height="362" frameX="-4" frameY="0" frameWidth="357" frameHeight="362"/>
	<SubTexture name="BF NOTE DOWN0010" x="1444" y="5" width="351" height="362" frameX="-4" frameY="0" frameWidth="357" frameHeight="362"/>
	<SubTexture name="BF NOTE DOWN0011" x="1444" y="5" width="351" height="362" frameX="-4" frameY="0" frameWidth="357" frameHeight="362"/>
	<SubTexture name="BF NOTE DOWN0012" x="1444" y="5" width="351" height="362" frameX="-4" frameY="0" frameWidth="357" frameHeight="362"/>
	<SubTexture name="BF NOTE DOWN0013" x="1444" y="5" width="351" height="362" frameX="-4" frameY="0" frameWidth="357" frameHeight="362"/>
	<SubTexture name="BF NOTE DOWN0014" x="1444" y="5" width="351" height="362" frameX="-4" frameY="0" frameWidth="357" frameHeight="362"/>
	<SubTexture name="BF NOTE DOWN0015" x="1444" y="5" width="351" height="362" frameX="-4" frameY="0" frameWidth="357" frameHeight="362"/>
	<SubTexture name="BF NOTE DOWN0016" x="1444" y="5" width="351" height="362" frameX="-4" frameY="0" frameWidth="357" frameHeight="362"/>
	<SubTexture name="BF NOTE DOWN0017" x="1444" y="5" width="351" height="362" frameX="-4" frameY="0" frameWidth="357" frameHeight="362"/>
	<SubTexture name="BF NOTE DOWN0018" x="1444" y="5" width="351" height="362" frameX="-4" frameY="0" frameWidth="357" frameHeight="362"/>
	<SubTexture name="BF NOTE DOWN0019" x="1444" y="5" width="351" height="362" frameX="-4" frameY="0" frameWidth="357" frameHeight="362"/>
	<SubTexture name="BF NOTE DOWN0020" x="1444" y="5" width="351" height="362" frameX="-4" frameY="0" frameWidth="357" frameHeight="362"/>
	<SubTexture name="BF NOTE DOWN0021" x="1444" y="5" width="351" height="362" frameX="-4" frameY="0" frameWidth="357" frameHeight="362"/>
	<SubTexture name="BF NOTE DOWN0022" x="1444" y="5" width="351" height="362" frameX="-4" frameY="0" frameWidth="357" frameHeight="362"/>
	<SubTexture name="BF NOTE DOWN0023" x="1444" y="5" width="351" height="362" frameX="-4" frameY="0" frameWidth="357" frameHeight="362"/>
	<SubTexture name="BF NOTE DOWN0024" x="1444" y="5" width="351" height="362" frameX="-4" frameY="0" frameWidth="357" frameHeight="362"/>
	<SubTexture name="BF NOTE DOWN0025" x="1444" y="5" width="351" height="362" frameX="-4" frameY="0" frameWidth="357" frameHeight="362"/>
	<SubTexture name="BF NOTE DOWN0026" x="1444" y="5" width="351" height="362" frameX="-4" frameY="0" frameWidth="357" frameHeight="362"/>
	<SubTexture name="BF NOTE DOWN0027" x="1444" y="5" width="351" height="362" frameX="-4" frameY="0" frameWidth="357" frameHeight="362"/>
	<SubTexture name="BF NOTE DOWN0028" x="1444" y="5" width="351" height="362" frameX="-4" frameY="0" frameWidth="357" frameHeight="362"/>
	<SubTexture name="BF NOTE DOWN0029" x="1444" y="5" width="351" height="362" frameX="-4" frameY="0" frameWidth="357" frameHeight="362"/>
	<SubTexture name="BF NOTE LEFT MISS0000" x="1800" y="5" width="338" height="407" frameX="0" frameY="-29" frameWidth="339" frameHeight="436"/>
	<SubTexture name="BF NOTE LEFT MISS0001" x="2143" y="5" width="334" height="436" frameX="-5" frameY="0" frameWidth="339" frameHeight="436"/>
	<SubTexture name="BF NOTE LEFT MISS0002" x="2143" y="5" width="334" height="436" frameX="-5" frameY="0" frameWidth="339" frameHeight="436"/>
	<SubTexture name="BF NOTE LEFT MISS0003" x="2482" y="5" width="338" height="436" frameX="-1" frameY="0" frameWidth="339" frameHeight="436"/>
	<SubTexture name="BF NOTE LEFT MISS0004" x="2482" y="5" width="338" height="436" frameX="-1" frameY="0" frameWidth="339" frameHeight="436"/>
	<SubTexture name="BF NOTE LEFT MISS0005" x="2482" y="5" width="338" height="436" frameX="-1" frameY="0" frameWidth="339" frameHeight="436"/>
	<SubTexture name="BF NOTE LEFT MISS0006" x="2482" y="5" width="338" height="436" frameX="-1" frameY="0" frameWidth="339" frameHeight="436"/>
	<SubTexture name="BF NOTE LEFT MISS0007" x="2482" y="5" width="338" height="436" frameX="-1" frameY="0" frameWidth="339" frameHeight="436"/>
	<SubTexture name="BF NOTE LEFT MISS0008" x="2482" y="5" width="338" height="436" frameX="-1" frameY="0" frameWidth="339" frameHeight="436"/>
	<SubTexture name="BF NOTE LEFT MISS0009" x="2482" y="5" width="338" height="436" frameX="-1" frameY="0" frameWidth="339" frameHeight="436"/>
	<SubTexture name="BF NOTE LEFT MISS0010" x="2482" y="5" width="338" height="436" frameX="-1" frameY="0" frameWidth="339" frameHeight="436"/>
	<SubTexture name="BF NOTE LEFT MISS0011" x="2482" y="5" width="338" height="436" frameX="-1" frameY="0" frameWidth="339" frameHeight="436"/>
	<SubTexture name="BF NOTE LEFT MISS0012" x="2482" y="5" width="338" height="436" frameX="-1" frameY="0" frameWidth="339" frameHeight="436"/>
	<SubTexture name="BF NOTE LEFT MISS0013" x="2482" y="5" width="338" height="436" frameX="-1" frameY="0" frameWidth="339" frameHeight="436"/>
	<SubTexture name="BF NOTE LEFT MISS0014" x="2482" y="5" width="338" height="436" frameX="-1" frameY="0" frameWidth="339" frameHeight="436"/>
	<SubTexture name="BF NOTE LEFT MISS0015" x="2482" y="5" width="338" height="436" frameX="-1" frameY="0" frameWidth="339" frameHeight="436"/>
	<SubTexture name="BF NOTE LEFT MISS0016" x="2482" y="5" width="338" height="436" frameX="-1" frameY="0" frameWidth="339" frameHeight="436"/>
	<SubTexture name="BF NOTE LEFT MISS0017" x="2482" y="5" width="338" height="436" frameX="-1" frameY="0" frameWidth="339" frameHeight="436"/>
	<SubTexture name="BF NOTE LEFT MISS0018" x="2482" y="5" width="338" height="436" frameX="-1" frameY="0" frameWidth="339" frameHeight="436"/>
	<SubTexture name="BF NOTE LEFT MISS0019" x="2482" y="5" width="338" height="436" frameX="-1" frameY="0" frameWidth="339" frameHeight="436"/>
	<SubTexture name="BF NOTE LEFT MISS0020" x="2482" y="5" width="338" height="436" frameX="-1" frameY="0" frameWidth="339" frameHeight="436"/>
	<SubTexture name="BF NOTE LEFT MISS0021" x="2482" y="5" width="338" height="436" frameX="-1" frameY="0" frameWidth="339" frameHeight="436"/>
	<SubTexture name="BF NOTE LEFT MISS0022" x="2482" y="5" width="338" height="436" frameX="-1" frameY="0" frameWidth="339" frameHeight="436"/>
	<SubTexture name="BF NOTE LEFT MISS0023" x="2482" y="5" width="338" height="436" frameX="-1" frameY="0" frameWidth="339" frameHeight="436"/>
	<SubTexture name="BF NOTE LEFT MISS0024" x="2482" y="5" width="338" height="436" frameX="-1" frameY="0" frameWidth="339" frameHeight="436"/>
	<SubTexture name="BF NOTE LEFT MISS0025" x="2482" y="5" width="338" height="436" frameX="-1" frameY="0" frameWidth="339" frameHeight="436"/>
	<SubTexture name="BF NOTE LEFT MISS0026" x="2482" y="5" width="338" height="436" frameX="-1" frameY="0" frameWidth="339" frameHeight="436"/>
	<SubTexture name="BF NOTE LEFT MISS0027" x="2482" y="5" width="338" height="436" frameX="-1" frameY="0" frameWidth="339" frameHeight="436"/>
	<SubTexture name="BF NOTE LEFT MISS0028" x="2482" y="5" width="338" height="436" frameX="-1" frameY="0" frameWidth="339" frameHeight="436"/>
	<SubTexture name="BF NOTE LEFT MISS0029" x="2482" y="5" width="338" height="436" frameX="-1" frameY="0" frameWidth="339" frameHeight="436"/>
	<SubTexture name="BF NOTE LEFT MISS0030" x="2482" y="5" width="338" height="436" frameX="-1" frameY="0" frameWidth="339" frameHeight="436"/>
	<SubTexture name="BF NOTE LEFT MISS0031" x="2482" y="5" width="338" height="436" frameX="-1" frameY="0" frameWidth="339" frameHeight="436"/>
	<SubTexture name="BF NOTE LEFT MISS0032" x="2482" y="5" width="338" height="436" frameX="-1" frameY="0" frameWidth="339" frameHeight="436"/>
	<SubTexture name="BF NOTE LEFT MISS0033" x="2482" y="5" width="338" height="436" frameX="-1" frameY="0" frameWidth="339" frameHeight="436"/>
	<SubTexture name="BF NOTE LEFT0000" x="2825" y="5" width="338" height="407" frameX="0" frameY="0" frameWidth="340" frameHeight="407"/>
	<SubTexture name="BF NOTE LEFT0001" x="2825" y="5" width="338" height="407" frameX="0" frameY="0" frameWidth="340" frameHeight="407"/>
	<SubTexture name="BF NOTE LEFT0002" x="3168" y="5" width="336" height="405" frameX="-4" frameY="-2" frameWidth="340" frameHeight="407"/>
	<SubTexture name="BF NOTE LEFT0003" x="3168" y="5" width="336" height="405" frameX="-4" frameY="-2" frameWidth="340" frameHeight="407"/>
	<SubTexture name="BF NOTE LEFT0004" x="3168" y="5" width="336" height="405" frameX="-4" frameY="-2" frameWidth="340" frameHeight="407"/>
	<SubTexture name="BF NOTE LEFT0005" x="3168" y="5" width="336" height="405" frameX="-4" frameY="-2" frameWidth="340" frameHeight="407"/>
	<SubTexture name="BF NOTE LEFT0006" x="3168" y="5" width="336" height="405" frameX="-4" frameY="-2" frameWidth="340" frameHeight="407"/>
	<SubTexture name="BF NOTE LEFT0007" x="3168" y="5" width="336" height="405" frameX="-4" frameY="-2" frameWidth="340" frameHeight="407"/>
	<SubTexture name="BF NOTE LEFT0008" x="3168" y="5" width="336" height="405" frameX="-4" frameY="-2" frameWidth="340" frameHeight="407"/>
	<SubTexture name="BF NOTE LEFT0009" x="3168" y="5" width="336" height="405" frameX="-4" frameY="-2" frameWidth="340" frameHeight="407"/>
	<SubTexture name="BF NOTE LEFT0010" x="3168" y="5" width="336" height="405" frameX="-4" frameY="-2" frameWidth="340" frameHeight="407"/>
	<SubTexture name="BF NOTE LEFT0011" x="3168" y="5" width="336" height="405" frameX="-4" frameY="-2" frameWidth="340" frameHeight="407"/>
	<SubTexture name="BF NOTE LEFT0012" x="3168" y="5" width="336" height="405" frameX="-4" frameY="-2" frameWidth="340" frameHeight="407"/>
	<SubTexture name="BF NOTE LEFT0013" x="3168" y="5" width="336" height="405" frameX="-4" frameY="-2" frameWidth="340" frameHeight="407"/>
	<SubTexture name="BF NOTE LEFT0014" x="3168" y="5" width="336" height="405" frameX="-4" frameY="-2" frameWidth="340" frameHeight="407"/>
	<SubTexture name="BF NOTE RIGHT MISS0000" x="3509" y="5" width="409" height="405" frameX="0" frameY="-28" frameWidth="409" frameHeight="434"/>
	<SubTexture name="BF NOTE RIGHT MISS0001" x="5" y="446" width="401" height="434" frameX="-1" frameY="0" frameWidth="409" frameHeight="434"/>
	<SubTexture name="BF NOTE RIGHT MISS0002" x="5" y="446" width="401" height="434" frameX="-1" frameY="0" frameWidth="409" frameHeight="434"/>
	<SubTexture name="BF NOTE RIGHT MISS0003" x="411" y="446" width="406" height="434" frameX="-2" frameY="0" frameWidth="409" frameHeight="434"/>
	<SubTexture name="BF NOTE RIGHT MISS0004" x="411" y="446" width="406" height="434" frameX="-2" frameY="0" frameWidth="409" frameHeight="434"/>
	<SubTexture name="BF NOTE RIGHT MISS0005" x="411" y="446" width="406" height="434" frameX="-2" frameY="0" frameWidth="409" frameHeight="434"/>
	<SubTexture name="BF NOTE RIGHT MISS0006" x="411" y="446" width="406" height="434" frameX="-2" frameY="0" frameWidth="409" frameHeight="434"/>
	<SubTexture name="BF NOTE RIGHT MISS0007" x="411" y="446" width="406" height="434" frameX="-2" frameY="0" frameWidth="409" frameHeight="434"/>
	<SubTexture name="BF NOTE RIGHT MISS0008" x="411" y="446" width="406" height="434" frameX="-2" frameY="0" frameWidth="409" frameHeight="434"/>
	<SubTexture name="BF NOTE RIGHT MISS0009" x="411" y="446" width="406" height="434" frameX="-2" frameY="0" frameWidth="409" frameHeight="434"/>
	<SubTexture name="BF NOTE RIGHT MISS0010" x="411" y="446" width="406" height="434" frameX="-2" frameY="0" frameWidth="409" frameHeight="434"/>
	<SubTexture name="BF NOTE RIGHT MISS0011" x="411" y="446" width="406" height="434" frameX="-2" frameY="0" frameWidth="409" frameHeight="434"/>
	<SubTexture name="BF NOTE RIGHT MISS0012" x="411" y="446" width="406" height="434" frameX="-2" frameY="0" frameWidth="409" frameHeight="434"/>
	<SubTexture name="BF NOTE RIGHT MISS0013" x="411" y="446" width="406" height="434" frameX="-2" frameY="0" frameWidth="409" frameHeight="434"/>
	<SubTexture name="BF NOTE RIGHT MISS0014" x="411" y="446" width="406" height="434" frameX="-2" frameY="0" frameWidth="409" frameHeight="434"/>
	<SubTexture name="BF NOTE RIGHT MISS0015" x="411" y="446" width="406" height="434" frameX="-2" frameY="0" frameWidth="409" frameHeight="434"/>
	<SubTexture name="BF NOTE RIGHT MISS0016" x="411" y="446" width="406" height="434" frameX="-2" frameY="0" frameWidth="409" frameHeight="434"/>
	<SubTexture name="BF NOTE RIGHT MISS0017" x="411" y="446" width="406" height="434" frameX="-2" frameY="0" frameWidth="409" frameHeight="434"/>
	<SubTexture name="BF NOTE RIGHT MISS0018" x="411" y="446" width="406" height="434" frameX="-2" frameY="0" frameWidth="409" frameHeight="434"/>
	<SubTexture name="BF NOTE RIGHT MISS0019" x="411" y="446" width="406" height="434" frameX="-2" frameY="0" frameWidth="409" frameHeight="434"/>
	<SubTexture name="BF NOTE RIGHT MISS0020" x="411" y="446" width="406" height="434" frameX="-2" frameY="0" frameWidth="409" frameHeight="434"/>
	<SubTexture name="BF NOTE RIGHT MISS0021" x="411" y="446" width="406" height="434" frameX="-2" frameY="0" frameWidth="409" frameHeight="434"/>
	<SubTexture name="BF NOTE RIGHT MISS0022" x="411" y="446" width="406" height="434" frameX="-2" frameY="0" frameWidth="409" frameHeight="434"/>
	<SubTexture name="BF NOTE RIGHT MISS0023" x="411" y="446" width="406" height="434" frameX="-2" frameY="0" frameWidth="409" frameHeight="434"/>
	<SubTexture name="BF NOTE RIGHT MISS0024" x="411" y="446" width="406" height="434" frameX="-2" frameY="0" frameWidth="409" frameHeight="434"/>
	<SubTexture name="BF NOTE RIGHT MISS0025" x="411" y="446" width="406" height="434" frameX="-2" frameY="0" frameWidth="409" frameHeight="434"/>
	<SubTexture name="BF NOTE RIGHT MISS0026" x="411" y="446" width="406" height="434" frameX="-2" frameY="0" frameWidth="409" frameHeight="434"/>
	<SubTexture name="BF NOTE RIGHT MISS0027" x="411" y="446" width="406" height="434" frameX="-2" frameY="0" frameWidth="409" frameHeight="434"/>
	<SubTexture name="BF NOTE RIGHT MISS0028" x="411" y="446" width="406" height="434" frameX="-2" frameY="0" frameWidth="409" frameHeight="434"/>
	<SubTexture name="BF NOTE RIGHT MISS0029" x="411" y="446" width="406" height="434" frameX="-2" frameY="0" frameWidth="409" frameHeight="434"/>
	<SubTexture name="BF NOTE RIGHT MISS0030" x="411" y="446" width="406" height="434" frameX="-2" frameY="0" frameWidth="409" frameHeight="434"/>
	<SubTexture name="BF NOTE RIGHT MISS0031" x="411" y="446" width="406" height="434" frameX="-2" frameY="0" frameWidth="409" frameHeight="434"/>
	<SubTexture name="BF NOTE RIGHT MISS0032" x="411" y="446" width="406" height="434" frameX="-2" frameY="0" frameWidth="409" frameHeight="434"/>
	<SubTexture name="BF NOTE RIGHT MISS0033" x="411" y="446" width="406" height="434" frameX="-2" frameY="0" frameWidth="409" frameHeight="434"/>
	<SubTexture name="BF NOTE RIGHT MISS0034" x="411" y="446" width="406" height="434" frameX="-2" frameY="0" frameWidth="409" frameHeight="434"/>
	<SubTexture name="BF NOTE RIGHT MISS0035" x="411" y="446" width="406" height="434" frameX="-2" frameY="0" frameWidth="409" frameHeight="434"/>
	<SubTexture name="BF NOTE RIGHT MISS0036" x="411" y="446" width="406" height="434" frameX="-2" frameY="0" frameWidth="409" frameHeight="434"/>
	<SubTexture name="BF NOTE RIGHT MISS0037" x="411" y="446" width="406" height="434" frameX="-2" frameY="0" frameWidth="409" frameHeight="434"/>
	<SubTexture name="BF NOTE RIGHT MISS0038" x="411" y="446" width="406" height="434" frameX="-2" frameY="0" frameWidth="409" frameHeight="434"/>
	<SubTexture name="BF NOTE RIGHT MISS0039" x="411" y="446" width="406" height="434" frameX="-2" frameY="0" frameWidth="409" frameHeight="434"/>
	<SubTexture name="BF NOTE RIGHT MISS0040" x="411" y="446" width="406" height="434" frameX="-2" frameY="0" frameWidth="409" frameHeight="434"/>
	<SubTexture name="BF NOTE RIGHT MISS0041" x="411" y="446" width="406" height="434" frameX="-2" frameY="0" frameWidth="409" frameHeight="434"/>
	<SubTexture name="BF NOTE RIGHT MISS0042" x="411" y="446" width="406" height="434" frameX="-2" frameY="0" frameWidth="409" frameHeight="434"/>
	<SubTexture name="BF NOTE RIGHT MISS0043" x="411" y="446" width="406" height="434" frameX="-2" frameY="0" frameWidth="409" frameHeight="434"/>
	<SubTexture name="BF NOTE RIGHT MISS0044" x="411" y="446" width="406" height="434" frameX="-2" frameY="0" frameWidth="409" frameHeight="434"/>
	<SubTexture name="BF NOTE RIGHT MISS0045" x="411" y="446" width="406" height="434" frameX="-2" frameY="0" frameWidth="409" frameHeight="434"/>
	<SubTexture name="BF NOTE RIGHT0000" x="822" y="446" width="408" height="406" frameX="-1" frameY="-2" frameWidth="409" frameHeight="408"/>
	<SubTexture name="BF NOTE RIGHT0001" x="822" y="446" width="408" height="406" frameX="-1" frameY="-2" frameWidth="409" frameHeight="408"/>
	<SubTexture name="BF NOTE RIGHT0002" x="1235" y="446" width="407" height="408" frameX="0" frameY="0" frameWidth="409" frameHeight="408"/>
	<SubTexture name="BF NOTE RIGHT0003" x="1235" y="446" width="407" height="408" frameX="0" frameY="0" frameWidth="409" frameHeight="408"/>
	<SubTexture name="BF NOTE RIGHT0004" x="1235" y="446" width="407" height="408" frameX="0" frameY="0" frameWidth="409" frameHeight="408"/>
	<SubTexture name="BF NOTE RIGHT0005" x="1235" y="446" width="407" height="408" frameX="0" frameY="0" frameWidth="409" frameHeight="408"/>
	<SubTexture name="BF NOTE RIGHT0006" x="1235" y="446" width="407" height="408" frameX="0" frameY="0" frameWidth="409" frameHeight="408"/>
	<SubTexture name="BF NOTE RIGHT0007" x="1235" y="446" width="407" height="408" frameX="0" frameY="0" frameWidth="409" frameHeight="408"/>
	<SubTexture name="BF NOTE RIGHT0008" x="1235" y="446" width="407" height="408" frameX="0" frameY="0" frameWidth="409" frameHeight="408"/>
	<SubTexture name="BF NOTE RIGHT0009" x="1235" y="446" width="407" height="408" frameX="0" frameY="0" frameWidth="409" frameHeight="408"/>
	<SubTexture name="BF NOTE RIGHT0010" x="1235" y="446" width="407" height="408" frameX="0" frameY="0" frameWidth="409" frameHeight="408"/>
	<SubTexture name="BF NOTE RIGHT0011" x="1235" y="446" width="407" height="408" frameX="0" frameY="0" frameWidth="409" frameHeight="408"/>
	<SubTexture name="BF NOTE RIGHT0012" x="1235" y="446" width="407" height="408" frameX="0" frameY="0" frameWidth="409" frameHeight="408"/>
	<SubTexture name="BF NOTE RIGHT0013" x="1235" y="446" width="407" height="408" frameX="0" frameY="0" frameWidth="409" frameHeight="408"/>
	<SubTexture name="BF NOTE RIGHT0014" x="1235" y="446" width="407" height="408" frameX="0" frameY="0" frameWidth="409" frameHeight="408"/>
	<SubTexture name="BF NOTE RIGHT0015" x="1235" y="446" width="407" height="408" frameX="0" frameY="0" frameWidth="409" frameHeight="408"/>
	<SubTexture name="BF NOTE RIGHT0016" x="1235" y="446" width="407" height="408" frameX="0" frameY="0" frameWidth="409" frameHeight="408"/>
	<SubTexture name="BF NOTE RIGHT0017" x="1235" y="446" width="407" height="408" frameX="0" frameY="0" frameWidth="409" frameHeight="408"/>
	<SubTexture name="BF NOTE RIGHT0018" x="1235" y="446" width="407" height="408" frameX="0" frameY="0" frameWidth="409" frameHeight="408"/>
	<SubTexture name="BF NOTE RIGHT0019" x="1235" y="446" width="407" height="408" frameX="0" frameY="0" frameWidth="409" frameHeight="408"/>
	<SubTexture name="BF NOTE RIGHT0020" x="1235" y="446" width="407" height="408" frameX="0" frameY="0" frameWidth="409" frameHeight="408"/>
	<SubTexture name="BF NOTE RIGHT0021" x="1235" y="446" width="407" height="408" frameX="0" frameY="0" frameWidth="409" frameHeight="408"/>
	<SubTexture name="BF NOTE RIGHT0022" x="1235" y="446" width="407" height="408" frameX="0" frameY="0" frameWidth="409" frameHeight="408"/>
	<SubTexture name="BF NOTE RIGHT0023" x="1235" y="446" width="407" height="408" frameX="0" frameY="0" frameWidth="409" frameHeight="408"/>
	<SubTexture name="BF NOTE RIGHT0024" x="1235" y="446" width="407" height="408" frameX="0" frameY="0" frameWidth="409" frameHeight="408"/>
	<SubTexture name="BF NOTE RIGHT0025" x="1235" y="446" width="407" height="408" frameX="0" frameY="0" frameWidth="409" frameHeight="408"/>
	<SubTexture name="BF NOTE RIGHT0026" x="1235" y="446" width="407" height="408" frameX="0" frameY="0" frameWidth="409" frameHeight="408"/>
	<SubTexture name="BF NOTE RIGHT0027" x="1235" y="446" width="407" height="408" frameX="0" frameY="0" frameWidth="409" frameHeight="408"/>
	<SubTexture name="BF NOTE RIGHT0028" x="1235" y="446" width="407" height="408" frameX="0" frameY="0" frameWidth="409" frameHeight="408"/>
	<SubTexture name="BF NOTE RIGHT0029" x="1235" y="446" width="407" height="408" frameX="0" frameY="0" frameWidth="409" frameHeight="408"/>
	<SubTexture name="BF NOTE RIGHT0030" x="1235" y="446" width="407" height="408" frameX="0" frameY="0" frameWidth="409" frameHeight="408"/>
	<SubTexture name="BF NOTE RIGHT0031" x="1235" y="446" width="407" height="408" frameX="0" frameY="0" frameWidth="409" frameHeight="408"/>
	<SubTexture name="BF NOTE RIGHT0032" x="1235" y="446" width="407" height="408" frameX="0" frameY="0" frameWidth="409" frameHeight="408"/>
	<SubTexture name="BF NOTE RIGHT0033" x="1235" y="446" width="407" height="408" frameX="0" frameY="0" frameWidth="409" frameHeight="408"/>
	<SubTexture name="BF NOTE RIGHT0034" x="1235" y="446" width="407" height="408" frameX="0" frameY="0" frameWidth="409" frameHeight="408"/>
	<SubTexture name="BF NOTE RIGHT0035" x="1235" y="446" width="407" height="408" frameX="0" frameY="0" frameWidth="409" frameHeight="408"/>
	<SubTexture name="BF NOTE RIGHT0036" x="1235" y="446" width="407" height="408" frameX="0" frameY="0" frameWidth="409" frameHeight="408"/>
	<SubTexture name="BF NOTE RIGHT0037" x="1235" y="446" width="407" height="408" frameX="0" frameY="0" frameWidth="409" frameHeight="408"/>
	<SubTexture name="BF NOTE RIGHT0038" x="1235" y="446" width="407" height="408" frameX="0" frameY="0" frameWidth="409" frameHeight="408"/>
	<SubTexture name="BF NOTE RIGHT0039" x="1235" y="446" width="407" height="408" frameX="0" frameY="0" frameWidth="409" frameHeight="408"/>
	<SubTexture name="BF NOTE RIGHT0040" x="1235" y="446" width="407" height="408" frameX="0" frameY="0" frameWidth="409" frameHeight="408"/>
	<SubTexture name="BF NOTE RIGHT0041" x="1235" y="446" width="407" height="408" frameX="0" frameY="0" frameWidth="409" frameHeight="408"/>
	<SubTexture name="BF NOTE RIGHT0042" x="1235" y="446" width="407" height="408" frameX="0" frameY="0" frameWidth="409" frameHeight="408"/>
	<SubTexture name="BF NOTE RIGHT0043" x="1235" y="446" width="407" height="408" frameX="0" frameY="0" frameWidth="409" frameHeight="408"/>
	<SubTexture name="BF NOTE RIGHT0044" x="1235" y="446" width="407" height="408" frameX="0" frameY="0" frameWidth="409" frameHeight="408"/>
	<SubTexture name="BF NOTE RIGHT0045" x="1235" y="446" width="407" height="408" frameX="0" frameY="0" frameWidth="409" frameHeight="408"/>
	<SubTexture name="BF NOTE RIGHT0046" x="1235" y="446" width="407" height="408" frameX="0" frameY="0" frameWidth="409" frameHeight="408"/>
	<SubTexture name="BF NOTE RIGHT0047" x="1235" y="446" width="407" height="408" frameX="0" frameY="0" frameWidth="409" frameHeight="408"/>
	<SubTexture name="BF NOTE RIGHT0048" x="1235" y="446" width="407" height="408" frameX="0" frameY="0" frameWidth="409" frameHeight="408"/>
	<SubTexture name="BF NOTE RIGHT0049" x="1235" y="446" width="407" height="408" frameX="0" frameY="0" frameWidth="409" frameHeight="408"/>
	<SubTexture name="BF NOTE RIGHT0050" x="1235" y="446" width="407" height="408" frameX="0" frameY="0" frameWidth="409" frameHeight="408"/>
	<SubTexture name="BF NOTE RIGHT0051" x="1235" y="446" width="407" height="408" frameX="0" frameY="0" frameWidth="409" frameHeight="408"/>
	<SubTexture name="BF NOTE RIGHT0052" x="1235" y="446" width="407" height="408" frameX="0" frameY="0" frameWidth="409" frameHeight="408"/>
	<SubTexture name="BF NOTE RIGHT0053" x="1235" y="446" width="407" height="408" frameX="0" frameY="0" frameWidth="409" frameHeight="408"/>
	<SubTexture name="BF NOTE RIGHT0054" x="1235" y="446" width="407" height="408" frameX="0" frameY="0" frameWidth="409" frameHeight="408"/>
	<SubTexture name="BF NOTE RIGHT0055" x="1235" y="446" width="407" height="408" frameX="0" frameY="0" frameWidth="409" frameHeight="408"/>
	<SubTexture name="BF NOTE RIGHT0056" x="1235" y="446" width="407" height="408" frameX="0" frameY="0" frameWidth="409" frameHeight="408"/>
	<SubTexture name="BF NOTE RIGHT0057" x="1235" y="446" width="407" height="408" frameX="0" frameY="0" frameWidth="409" frameHeight="408"/>
	<SubTexture name="BF NOTE RIGHT0058" x="1235" y="446" width="407" height="408" frameX="0" frameY="0" frameWidth="409" frameHeight="408"/>
	<SubTexture name="BF NOTE RIGHT0059" x="1235" y="446" width="407" height="408" frameX="0" frameY="0" frameWidth="409" frameHeight="408"/>
	<SubTexture name="BF NOTE RIGHT0060" x="1235" y="446" width="407" height="408" frameX="0" frameY="0" frameWidth="409" frameHeight="408"/>
	<SubTexture name="BF NOTE RIGHT0061" x="1235" y="446" width="407" height="408" frameX="0" frameY="0" frameWidth="409" frameHeight="408"/>
	<SubTexture name="BF NOTE UP MISS0000" x="2399" y="446" width="369" height="447" frameX="-4" frameY="-2" frameWidth="372" frameHeight="447"/>
	<SubTexture name="BF NOTE UP MISS0001" x="1647" y="446" width="377" height="442" frameX="0" frameY="-7" frameWidth="377" frameHeight="449"/>
	<SubTexture name="BF NOTE UP MISS0002" x="1647" y="446" width="377" height="442" frameX="0" frameY="-7" frameWidth="377" frameHeight="449"/>
	<SubTexture name="BF NOTE UP MISS0003" x="2029" y="446" width="365" height="449" frameX="-5" frameY="0" frameWidth="377" frameHeight="449"/>
	<SubTexture name="BF NOTE UP MISS0004" x="2029" y="446" width="365" height="449" frameX="-5" frameY="0" frameWidth="377" frameHeight="449"/>
	<SubTexture name="BF NOTE UP MISS0005" x="2029" y="446" width="365" height="449" frameX="-5" frameY="0" frameWidth="377" frameHeight="449"/>
	<SubTexture name="BF NOTE UP MISS0006" x="2029" y="446" width="365" height="449" frameX="-5" frameY="0" frameWidth="377" frameHeight="449"/>
	<SubTexture name="BF NOTE UP MISS0007" x="2029" y="446" width="365" height="449" frameX="-5" frameY="0" frameWidth="377" frameHeight="449"/>
	<SubTexture name="BF NOTE UP MISS0008" x="2029" y="446" width="365" height="449" frameX="-5" frameY="0" frameWidth="377" frameHeight="449"/>
	<SubTexture name="BF NOTE UP MISS0009" x="2029" y="446" width="365" height="449" frameX="-5" frameY="0" frameWidth="377" frameHeight="449"/>
	<SubTexture name="BF NOTE UP MISS0010" x="2029" y="446" width="365" height="449" frameX="-5" frameY="0" frameWidth="377" frameHeight="449"/>
	<SubTexture name="BF NOTE UP MISS0011" x="2029" y="446" width="365" height="449" frameX="-5" frameY="0" frameWidth="377" frameHeight="449"/>
	<SubTexture name="BF NOTE UP MISS0012" x="2029" y="446" width="365" height="449" frameX="-5" frameY="0" frameWidth="377" frameHeight="449"/>
	<SubTexture name="BF NOTE UP MISS0013" x="2029" y="446" width="365" height="449" frameX="-5" frameY="0" frameWidth="377" frameHeight="449"/>
	<SubTexture name="BF NOTE UP MISS0014" x="2029" y="446" width="365" height="449" frameX="-5" frameY="0" frameWidth="377" frameHeight="449"/>
	<SubTexture name="BF NOTE UP MISS0015" x="2029" y="446" width="365" height="449" frameX="-5" frameY="0" frameWidth="377" frameHeight="449"/>
	<SubTexture name="BF NOTE UP MISS0016" x="2029" y="446" width="365" height="449" frameX="-5" frameY="0" frameWidth="377" frameHeight="449"/>
	<SubTexture name="BF NOTE UP MISS0017" x="2029" y="446" width="365" height="449" frameX="-5" frameY="0" frameWidth="377" frameHeight="449"/>
	<SubTexture name="BF NOTE UP MISS0018" x="2029" y="446" width="365" height="449" frameX="-5" frameY="0" frameWidth="377" frameHeight="449"/>
	<SubTexture name="BF NOTE UP MISS0019" x="2029" y="446" width="365" height="449" frameX="-5" frameY="0" frameWidth="377" frameHeight="449"/>
	<SubTexture name="BF NOTE UP MISS0020" x="2029" y="446" width="365" height="449" frameX="-5" frameY="0" frameWidth="377" frameHeight="449"/>
	<SubTexture name="BF NOTE UP MISS0021" x="2029" y="446" width="365" height="449" frameX="-5" frameY="0" frameWidth="377" frameHeight="449"/>
	<SubTexture name="BF NOTE UP MISS0022" x="2029" y="446" width="365" height="449" frameX="-5" frameY="0" frameWidth="377" frameHeight="449"/>
	<SubTexture name="BF NOTE UP MISS0023" x="2029" y="446" width="365" height="449" frameX="-5" frameY="0" frameWidth="377" frameHeight="449"/>
	<SubTexture name="BF NOTE UP0000" x="2399" y="446" width="369" height="447" frameX="-2" frameY="0" frameWidth="372" frameHeight="447"/>
	<SubTexture name="BF NOTE UP0001" x="2399" y="446" width="369" height="447" frameX="-2" frameY="0" frameWidth="372" frameHeight="447"/>
	<SubTexture name="BF NOTE UP0002" x="2773" y="446" width="372" height="441" frameX="0" frameY="-5" frameWidth="372" frameHeight="447"/>
	<SubTexture name="BF NOTE UP0003" x="2773" y="446" width="372" height="441" frameX="0" frameY="-5" frameWidth="372" frameHeight="447"/>
	<SubTexture name="BF NOTE UP0004" x="2773" y="446" width="372" height="441" frameX="0" frameY="-5" frameWidth="372" frameHeight="447"/>
	<SubTexture name="BF NOTE UP0005" x="2773" y="446" width="372" height="441" frameX="0" frameY="-5" frameWidth="372" frameHeight="447"/>
	<SubTexture name="BF NOTE UP0006" x="2773" y="446" width="372" height="441" frameX="0" frameY="-5" frameWidth="372" frameHeight="447"/>
	<SubTexture name="BF NOTE UP0007" x="2773" y="446" width="372" height="441" frameX="0" frameY="-5" frameWidth="372" frameHeight="447"/>
	<SubTexture name="BF NOTE UP0008" x="2773" y="446" width="372" height="441" frameX="0" frameY="-5" frameWidth="372" frameHeight="447"/>
	<SubTexture name="BF NOTE UP0009" x="2773" y="446" width="372" height="441" frameX="0" frameY="-5" frameWidth="372" frameHeight="447"/>
	<SubTexture name="BF NOTE UP0010" x="2773" y="446" width="372" height="441" frameX="0" frameY="-5" frameWidth="372" frameHeight="447"/>
	<SubTexture name="BF NOTE UP0011" x="2773" y="446" width="372" height="441" frameX="0" frameY="-5" frameWidth="372" frameHeight="447"/>
	<SubTexture name="BF NOTE UP0012" x="2773" y="446" width="372" height="441" frameX="0" frameY="-5" frameWidth="372" frameHeight="447"/>
	<SubTexture name="BF NOTE UP0013" x="2773" y="446" width="372" height="441" frameX="0" frameY="-5" frameWidth="372" frameHeight="447"/>
	<SubTexture name="BF NOTE UP0014" x="2773" y="446" width="372" height="441" frameX="0" frameY="-5" frameWidth="372" frameHeight="447"/>
	<SubTexture name="BF beginning0000" x="3150" y="446" width="369" height="407" frameX="0" frameY="-10" frameWidth="370" frameHeight="418"/>
	<SubTexture name="BF beginning0001" x="3150" y="446" width="369" height="407" frameX="0" frameY="-10" frameWidth="370" frameHeight="418"/>
	<SubTexture name="BF beginning0002" x="3524" y="446" width="365" height="416" frameX="-5" frameY="-1" frameWidth="370" frameHeight="418"/>
	<SubTexture name="BF beginning0003" x="3524" y="446" width="365" height="416" frameX="-5" frameY="-1" frameWidth="370" frameHeight="418"/>
	<SubTexture name="BF beginning0004" x="5" y="900" width="367" height="413" frameX="-3" frameY="-4" frameWidth="370" frameHeight="418"/>
	<SubTexture name="BF beginning0005" x="5" y="900" width="367" height="413" frameX="-3" frameY="-4" frameWidth="370" frameHeight="418"/>
	<SubTexture name="BF beginning0006" x="377" y="900" width="367" height="413" frameX="-3" frameY="-4" frameWidth="370" frameHeight="418"/>
	<SubTexture name="BF beginning0007" x="377" y="900" width="367" height="413" frameX="-3" frameY="-4" frameWidth="370" frameHeight="418"/>
	<SubTexture name="BF beginning0008" x="749" y="900" width="367" height="413" frameX="-3" frameY="-4" frameWidth="370" frameHeight="418"/>
	<SubTexture name="BF beginning0009" x="749" y="900" width="367" height="413" frameX="-3" frameY="-4" frameWidth="370" frameHeight="418"/>
	<SubTexture name="BF beginning0010" x="1121" y="900" width="367" height="413" frameX="-3" frameY="-4" frameWidth="370" frameHeight="418"/>
	<SubTexture name="BF beginning0011" x="1121" y="900" width="367" height="413" frameX="-3" frameY="-4" frameWidth="370" frameHeight="418"/>
	<SubTexture name="BF beginning0012" x="1121" y="900" width="367" height="413" frameX="-3" frameY="-4" frameWidth="370" frameHeight="418"/>
	<SubTexture name="BF beginning0013" x="1121" y="900" width="367" height="413" frameX="-3" frameY="-4" frameWidth="370" frameHeight="418"/>
	<SubTexture name="BF beginning0014" x="1121" y="900" width="367" height="413" frameX="-3" frameY="-4" frameWidth="370" frameHeight="418"/>
	<SubTexture name="BF beginning0015" x="1121" y="900" width="367" height="413" frameX="-3" frameY="-4" frameWidth="370" frameHeight="418"/>
	<SubTexture name="BF beginning0016" x="1121" y="900" width="367" height="413" frameX="-3" frameY="-4" frameWidth="370" frameHeight="418"/>
	<SubTexture name="BF beginning0017" x="1493" y="900" width="364" height="418" frameX="-6" frameY="0" frameWidth="370" frameHeight="418"/>
	<SubTexture name="BF beginning0018" x="1493" y="900" width="364" height="418" frameX="-6" frameY="0" frameWidth="370" frameHeight="418"/>
	<SubTexture name="BF beginning0019" x="1862" y="900" width="367" height="413" frameX="-3" frameY="-4" frameWidth="370" frameHeight="418"/>
	<SubTexture name="BF beginning0020" x="1862" y="900" width="367" height="413" frameX="-3" frameY="-4" frameWidth="370" frameHeight="418"/>
	<SubTexture name="BF beginning0021" x="2234" y="900" width="367" height="413" frameX="-3" frameY="-4" frameWidth="370" frameHeight="418"/>
	<SubTexture name="BF beginning0022" x="2234" y="900" width="367" height="413" frameX="-3" frameY="-4" frameWidth="370" frameHeight="418"/>
	<SubTexture name="BF beginning0023" x="2606" y="900" width="367" height="413" frameX="-3" frameY="-4" frameWidth="370" frameHeight="418"/>
	<SubTexture name="BF beginning0024" x="2606" y="900" width="367" height="413" frameX="-3" frameY="-4" frameWidth="370" frameHeight="418"/>
	<SubTexture name="BF beginning0025" x="2978" y="900" width="367" height="413" frameX="-3" frameY="-4" frameWidth="370" frameHeight="418"/>
	<SubTexture name="BF beginning0026" x="2978" y="900" width="367" height="413" frameX="-3" frameY="-4" frameWidth="370" frameHeight="418"/>
	<SubTexture name="BF beginning0027" x="3350" y="900" width="367" height="413" frameX="-3" frameY="-4" frameWidth="370" frameHeight="418"/>
	<SubTexture name="BF beginning0028" x="3350" y="900" width="367" height="413" frameX="-3" frameY="-4" frameWidth="370" frameHeight="418"/>
	<SubTexture name="BF beginning0029" x="3722" y="900" width="367" height="413" frameX="-3" frameY="-4" frameWidth="370" frameHeight="418"/>
	<SubTexture name="BF beginning0030" x="3722" y="900" width="367" height="413" frameX="-3" frameY="-4" frameWidth="370" frameHeight="418"/>
	<SubTexture name="BF beginning0031" x="2234" y="900" width="367" height="413" frameX="-3" frameY="-4" frameWidth="370" frameHeight="418"/>
	<SubTexture name="BF beginning0032" x="2234" y="900" width="367" height="413" frameX="-3" frameY="-4" frameWidth="370" frameHeight="418"/>
	<SubTexture name="BF beginning0033" x="2234" y="900" width="367" height="413" frameX="-3" frameY="-4" frameWidth="370" frameHeight="418"/>
	<SubTexture name="BF beginning0034" x="2234" y="900" width="367" height="413" frameX="-3" frameY="-4" frameWidth="370" frameHeight="418"/>
	<SubTexture name="BF beginning0035" x="2234" y="900" width="367" height="413" frameX="-3" frameY="-4" frameWidth="370" frameHeight="418"/>
	<SubTexture name="BF beginning0036" x="2234" y="900" width="367" height="413" frameX="-3" frameY="-4" frameWidth="370" frameHeight="418"/>
	<SubTexture name="BF beginning0037" x="2234" y="900" width="367" height="413" frameX="-3" frameY="-4" frameWidth="370" frameHeight="418"/>
	<SubTexture name="BF beginning0038" x="2234" y="900" width="367" height="413" frameX="-3" frameY="-4" frameWidth="370" frameHeight="418"/>
	<SubTexture name="BF beginning0039" x="5" y="1323" width="367" height="413" frameX="-3" frameY="-4" frameWidth="370" frameHeight="418"/>
	<SubTexture name="BF beginning0040" x="5" y="1323" width="367" height="413" frameX="-3" frameY="-4" frameWidth="370" frameHeight="418"/>
	<SubTexture name="BF beginning0041" x="377" y="1323" width="367" height="413" frameX="-3" frameY="-4" frameWidth="370" frameHeight="418"/>
	<SubTexture name="BF beginning0042" x="377" y="1323" width="367" height="413" frameX="-3" frameY="-4" frameWidth="370" frameHeight="418"/>
	<SubTexture name="BF beginning0043" x="749" y="1323" width="367" height="413" frameX="-3" frameY="-4" frameWidth="370" frameHeight="418"/>
	<SubTexture name="BF beginning0044" x="1121" y="1323" width="367" height="413" frameX="-3" frameY="-4" frameWidth="370" frameHeight="418"/>
	<SubTexture name="BF beginning0045" x="1121" y="1323" width="367" height="413" frameX="-3" frameY="-4" frameWidth="370" frameHeight="418"/>
	<SubTexture name="BF beginning0046" x="1121" y="1323" width="367" height="413" frameX="-3" frameY="-4" frameWidth="370" frameHeight="418"/>
	<SubTexture name="BF beginning0047" x="1121" y="1323" width="367" height="413" frameX="-3" frameY="-4" frameWidth="370" frameHeight="418"/>
	<SubTexture name="BF beginning0048" x="1121" y="1323" width="367" height="413" frameX="-3" frameY="-4" frameWidth="370" frameHeight="418"/>
	<SubTexture name="BF beginning0049" x="1121" y="1323" width="367" height="413" frameX="-3" frameY="-4" frameWidth="370" frameHeight="418"/>
	<SubTexture name="BF beginning0050" x="1121" y="1323" width="367" height="413" frameX="-3" frameY="-4" frameWidth="370" frameHeight="418"/>
	<SubTexture name="BF beginning0051" x="1121" y="1323" width="367" height="413" frameX="-3" frameY="-4" frameWidth="370" frameHeight="418"/>
	<SubTexture name="BF beginning0052" x="1121" y="1323" width="367" height="413" frameX="-3" frameY="-4" frameWidth="370" frameHeight="418"/>
	<SubTexture name="BF beginning0053" x="1121" y="1323" width="367" height="413" frameX="-3" frameY="-4" frameWidth="370" frameHeight="418"/>
	<SubTexture name="BF beginning0054" x="1121" y="1323" width="367" height="413" frameX="-3" frameY="-4" frameWidth="370" frameHeight="418"/>
	<SubTexture name="BF beginning0055" x="1121" y="1323" width="367" height="413" frameX="-3" frameY="-4" frameWidth="370" frameHeight="418"/>
	<SubTexture name="BF beginning0056" x="1121" y="1323" width="367" height="413" frameX="-3" frameY="-4" frameWidth="370" frameHeight="418"/>
	<SubTexture name="BF beginning0057" x="1121" y="1323" width="367" height="413" frameX="-3" frameY="-4" frameWidth="370" frameHeight="418"/>
	<SubTexture name="BF beginning0058" x="1121" y="1323" width="367" height="413" frameX="-3" frameY="-4" frameWidth="370" frameHeight="418"/>
	<SubTexture name="BF beginning0059" x="1121" y="1323" width="367" height="413" frameX="-3" frameY="-4" frameWidth="370" frameHeight="418"/>
	<SubTexture name="BF beginning0060" x="1121" y="1323" width="367" height="413" frameX="-3" frameY="-4" frameWidth="370" frameHeight="418"/>
	<SubTexture name="BF beginning0061" x="1121" y="1323" width="367" height="413" frameX="-3" frameY="-4" frameWidth="370" frameHeight="418"/>
	<SubTexture name="BF beginning0062" x="1121" y="1323" width="367" height="413" frameX="-3" frameY="-4" frameWidth="370" frameHeight="418"/>
	<SubTexture name="BF beginning0063" x="1121" y="1323" width="367" height="413" frameX="-3" frameY="-4" frameWidth="370" frameHeight="418"/>
	<SubTexture name="BF beginning0064" x="1121" y="1323" width="367" height="413" frameX="-3" frameY="-4" frameWidth="370" frameHeight="418"/>
	<SubTexture name="BF beginning0065" x="1121" y="1323" width="367" height="413" frameX="-3" frameY="-4" frameWidth="370" frameHeight="418"/>
	<SubTexture name="BF beginning0066" x="1121" y="1323" width="367" height="413" frameX="-3" frameY="-4" frameWidth="370" frameHeight="418"/>
	<SubTexture name="BF beginning0067" x="1121" y="1323" width="367" height="413" frameX="-3" frameY="-4" frameWidth="370" frameHeight="418"/>
	<SubTexture name="BF beginning0068" x="1121" y="1323" width="367" height="413" frameX="-3" frameY="-4" frameWidth="370" frameHeight="418"/>
	<SubTexture name="BF beginning0069" x="1121" y="1323" width="367" height="413" frameX="-3" frameY="-4" frameWidth="370" frameHeight="418"/>
	<SubTexture name="BF beginning0070" x="1121" y="1323" width="367" height="413" frameX="-3" frameY="-4" frameWidth="370" frameHeight="418"/>
	<SubTexture name="BF beginning0071" x="1121" y="1323" width="367" height="413" frameX="-3" frameY="-4" frameWidth="370" frameHeight="418"/>
	<SubTexture name="BF beginning0072" x="1121" y="1323" width="367" height="413" frameX="-3" frameY="-4" frameWidth="370" frameHeight="418"/>
	<SubTexture name="BF beginning0073" x="1121" y="1323" width="367" height="413" frameX="-3" frameY="-4" frameWidth="370" frameHeight="418"/>
	<SubTexture name="BF beginning0074" x="1121" y="1323" width="367" height="413" frameX="-3" frameY="-4" frameWidth="370" frameHeight="418"/>
	<SubTexture name="BF beginning0075" x="1121" y="1323" width="367" height="413" frameX="-3" frameY="-4" frameWidth="370" frameHeight="418"/>
	<SubTexture name="BF beginning0076" x="1121" y="1323" width="367" height="413" frameX="-3" frameY="-4" frameWidth="370" frameHeight="418"/>
	<SubTexture name="BF beginning0077" x="1121" y="1323" width="367" height="413" frameX="-3" frameY="-4" frameWidth="370" frameHeight="418"/>
	<SubTexture name="BF beginning0078" x="1121" y="1323" width="367" height="413" frameX="-3" frameY="-4" frameWidth="370" frameHeight="418"/>
	<SubTexture name="BF beginning0079" x="1121" y="1323" width="367" height="413" frameX="-3" frameY="-4" frameWidth="370" frameHeight="418"/>
	<SubTexture name="BF beginning0080" x="1121" y="1323" width="367" height="413" frameX="-3" frameY="-4" frameWidth="370" frameHeight="418"/>
	<SubTexture name="BF beginning0081" x="1121" y="1323" width="367" height="413" frameX="-3" frameY="-4" frameWidth="370" frameHeight="418"/>
	<SubTexture name="BF beginning0082" x="1121" y="1323" width="367" height="413" frameX="-3" frameY="-4" frameWidth="370" frameHeight="418"/>
	<SubTexture name="BF beginning0083" x="1121" y="1323" width="367" height="413" frameX="-3" frameY="-4" frameWidth="370" frameHeight="418"/>
	<SubTexture name="BF beginning0084" x="1121" y="1323" width="367" height="413" frameX="-3" frameY="-4" frameWidth="370" frameHeight="418"/>
	<SubTexture name="BF beginning0085" x="1121" y="1323" width="367" height="413" frameX="-3" frameY="-4" frameWidth="370" frameHeight="418"/>
	<SubTexture name="BF beginning0086" x="1121" y="1323" width="367" height="413" frameX="-3" frameY="-4" frameWidth="370" frameHeight="418"/>
	<SubTexture name="BF beginning0087" x="1121" y="1323" width="367" height="413" frameX="-3" frameY="-4" frameWidth="370" frameHeight="418"/>
	<SubTexture name="BF beginning0088" x="1121" y="1323" width="367" height="413" frameX="-3" frameY="-4" frameWidth="370" frameHeight="418"/>
	<SubTexture name="BF beginning0089" x="1121" y="1323" width="367" height="413" frameX="-3" frameY="-4" frameWidth="370" frameHeight="418"/>
	<SubTexture name="BF beginning0090" x="1493" y="1323" width="367" height="413" frameX="-3" frameY="-4" frameWidth="370" frameHeight="418"/>
	<SubTexture name="BF beginning0091" x="1493" y="1323" width="367" height="413" frameX="-3" frameY="-4" frameWidth="370" frameHeight="418"/>
	<SubTexture name="BF beginning0092" x="1865" y="1323" width="367" height="413" frameX="-3" frameY="-4" frameWidth="370" frameHeight="418"/>
	<SubTexture name="BF beginning0093" x="1865" y="1323" width="367" height="413" frameX="-3" frameY="-4" frameWidth="370" frameHeight="418"/>
	<SubTexture name="BF beginning0094" x="2237" y="1323" width="367" height="413" frameX="-3" frameY="-4" frameWidth="370" frameHeight="418"/>
	<SubTexture name="BF beginning0095" x="2237" y="1323" width="367" height="413" frameX="-3" frameY="-4" frameWidth="370" frameHeight="418"/>
	<SubTexture name="BF beginning0096" x="2609" y="1323" width="367" height="413" frameX="-3" frameY="-4" frameWidth="370" frameHeight="418"/>
	<SubTexture name="BF beginning0097" x="2609" y="1323" width="367" height="413" frameX="-3" frameY="-4" frameWidth="370" frameHeight="418"/>
	<SubTexture name="BF beginning0098" x="2981" y="1323" width="367" height="413" frameX="-3" frameY="-4" frameWidth="370" frameHeight="418"/>
	<SubTexture name="BF beginning0099" x="2981" y="1323" width="367" height="413" frameX="-3" frameY="-4" frameWidth="370" frameHeight="418"/>
	<SubTexture name="BF beginning0100" x="3353" y="1323" width="367" height="413" frameX="-3" frameY="-4" frameWidth="370" frameHeight="418"/>
	<SubTexture name="BF beginning0101" x="3353" y="1323" width="367" height="413" frameX="-3" frameY="-4" frameWidth="370" frameHeight="418"/>
	<SubTexture name="BF beginning0102" x="5" y="1741" width="367" height="413" frameX="-3" frameY="-4" frameWidth="370" frameHeight="418"/>
	<SubTexture name="BF beginning0103" x="5" y="1741" width="367" height="413" frameX="-3" frameY="-4" frameWidth="370" frameHeight="418"/>
	<SubTexture name="BF beginning0104" x="377" y="1741" width="367" height="413" frameX="-3" frameY="-4" frameWidth="370" frameHeight="418"/>
	<SubTexture name="BF done0000" x="749" y="1741" width="368" height="408" frameX="-9" frameY="-16" frameWidth="390" frameHeight="425"/>
	<SubTexture name="BF done0001" x="749" y="1741" width="368" height="408" frameX="-9" frameY="-16" frameWidth="390" frameHeight="425"/>
	<SubTexture name="BF done0002" x="1122" y="1741" width="368" height="414" frameX="-12" frameY="-11" frameWidth="390" frameHeight="425"/>
	<SubTexture name="BF done0003" x="1122" y="1741" width="368" height="414" frameX="-12" frameY="-11" frameWidth="390" frameHeight="425"/>
	<SubTexture name="BF done0004" x="1495" y="1741" width="368" height="414" frameX="-12" frameY="-11" frameWidth="390" frameHeight="425"/>
	<SubTexture name="BF done0005" x="1495" y="1741" width="368" height="414" frameX="-12" frameY="-11" frameWidth="390" frameHeight="425"/>
	<SubTexture name="BF done0006" x="1868" y="1741" width="368" height="414" frameX="-12" frameY="-11" frameWidth="390" frameHeight="425"/>
	<SubTexture name="BF done0007" x="2241" y="1741" width="368" height="414" frameX="-12" frameY="-11" frameWidth="390" frameHeight="425"/>
	<SubTexture name="BF done0008" x="2241" y="1741" width="368" height="414" frameX="-12" frameY="-11" frameWidth="390" frameHeight="425"/>
	<SubTexture name="BF done0009" x="2614" y="1741" width="368" height="414" frameX="-12" frameY="-11" frameWidth="390" frameHeight="425"/>
	<SubTexture name="BF done0010" x="2614" y="1741" width="368" height="414" frameX="-12" frameY="-11" frameWidth="390" frameHeight="425"/>
	<SubTexture name="BF done0011" x="2987" y="1741" width="368" height="414" frameX="-12" frameY="-11" frameWidth="390" frameHeight="425"/>
	<SubTexture name="BF done0012" x="2987" y="1741" width="368" height="414" frameX="-12" frameY="-11" frameWidth="390" frameHeight="425"/>
	<SubTexture name="BF done0013" x="3360" y="1741" width="366" height="405" frameX="-6" frameY="-19" frameWidth="390" frameHeight="425"/>
	<SubTexture name="BF done0014" x="3360" y="1741" width="366" height="405" frameX="-6" frameY="-19" frameWidth="390" frameHeight="425"/>
	<SubTexture name="BF done0015" x="5" y="2160" width="363" height="418" frameX="-16" frameY="-7" frameWidth="390" frameHeight="425"/>
	<SubTexture name="BF done0016" x="373" y="2160" width="363" height="418" frameX="-16" frameY="-7" frameWidth="390" frameHeight="425"/>
	<SubTexture name="BF done0017" x="741" y="2160" width="368" height="414" frameX="-12" frameY="-11" frameWidth="390" frameHeight="425"/>
	<SubTexture name="BF done0018" x="1114" y="2160" width="368" height="414" frameX="-12" frameY="-11" frameWidth="390" frameHeight="425"/>
	<SubTexture name="BF done0019" x="1487" y="2160" width="368" height="414" frameX="-12" frameY="-11" frameWidth="390" frameHeight="425"/>
	<SubTexture name="BF done0020" x="1860" y="2160" width="368" height="414" frameX="-12" frameY="-11" frameWidth="390" frameHeight="425"/>
	<SubTexture name="BF done0021" x="1860" y="2160" width="368" height="414" frameX="-12" frameY="-11" frameWidth="390" frameHeight="425"/>
	<SubTexture name="BF done0022" x="1487" y="2160" width="368" height="414" frameX="-12" frameY="-11" frameWidth="390" frameHeight="425"/>
	<SubTexture name="BF done0023" x="2233" y="2160" width="368" height="414" frameX="-12" frameY="-11" frameWidth="390" frameHeight="425"/>
	<SubTexture name="BF done0024" x="2233" y="2160" width="368" height="414" frameX="-12" frameY="-11" frameWidth="390" frameHeight="425"/>
	<SubTexture name="BF done0025" x="1487" y="2160" width="368" height="414" frameX="-12" frameY="-11" frameWidth="390" frameHeight="425"/>
	<SubTexture name="BF done0026" x="1487" y="2160" width="368" height="414" frameX="-12" frameY="-11" frameWidth="390" frameHeight="425"/>
	<SubTexture name="BF done0027" x="1487" y="2160" width="368" height="414" frameX="-12" frameY="-11" frameWidth="390" frameHeight="425"/>
	<SubTexture name="BF done0028" x="2606" y="2160" width="368" height="414" frameX="-12" frameY="-11" frameWidth="390" frameHeight="425"/>
	<SubTexture name="BF done0029" x="2606" y="2160" width="368" height="414" frameX="-12" frameY="-11" frameWidth="390" frameHeight="425"/>
	<SubTexture name="BF done0030" x="2979" y="2160" width="368" height="414" frameX="-12" frameY="-11" frameWidth="390" frameHeight="425"/>
	<SubTexture name="BF done0031" x="2979" y="2160" width="368" height="414" frameX="-12" frameY="-11" frameWidth="390" frameHeight="425"/>
	<SubTexture name="BF done0032" x="3352" y="2160" width="368" height="414" frameX="-12" frameY="-11" frameWidth="390" frameHeight="425"/>
	<SubTexture name="BF done0033" x="3352" y="2160" width="368" height="414" frameX="-12" frameY="-11" frameWidth="390" frameHeight="425"/>
	<SubTexture name="BF done0034" x="1487" y="2160" width="368" height="414" frameX="-12" frameY="-11" frameWidth="390" frameHeight="425"/>
	<SubTexture name="BF done0035" x="1487" y="2160" width="368" height="414" frameX="-12" frameY="-11" frameWidth="390" frameHeight="425"/>
	<SubTexture name="BF done0036" x="1860" y="2160" width="368" height="414" frameX="-12" frameY="-11" frameWidth="390" frameHeight="425"/>
	<SubTexture name="BF done0037" x="1860" y="2160" width="368" height="414" frameX="-12" frameY="-11" frameWidth="390" frameHeight="425"/>
	<SubTexture name="BF done0038" x="1487" y="2160" width="368" height="414" frameX="-12" frameY="-11" frameWidth="390" frameHeight="425"/>
	<SubTexture name="BF done0039" x="1487" y="2160" width="368" height="414" frameX="-12" frameY="-11" frameWidth="390" frameHeight="425"/>
	<SubTexture name="BF done0040" x="1860" y="2160" width="368" height="414" frameX="-12" frameY="-11" frameWidth="390" frameHeight="425"/>
	<SubTexture name="BF done0041" x="1860" y="2160" width="368" height="414" frameX="-12" frameY="-11" frameWidth="390" frameHeight="425"/>
	<SubTexture name="BF done0042" x="2979" y="2160" width="368" height="414" frameX="-12" frameY="-11" frameWidth="390" frameHeight="425"/>
	<SubTexture name="BF done0043" x="2979" y="2160" width="368" height="414" frameX="-12" frameY="-11" frameWidth="390" frameHeight="425"/>
	<SubTexture name="BF done0044" x="3352" y="2160" width="368" height="414" frameX="-12" frameY="-11" frameWidth="390" frameHeight="425"/>
	<SubTexture name="BF done0045" x="3352" y="2160" width="368" height="414" frameX="-12" frameY="-11" frameWidth="390" frameHeight="425"/>
	<SubTexture name="BF done0046" x="3352" y="2160" width="368" height="414" frameX="-12" frameY="-11" frameWidth="390" frameHeight="425"/>
	<SubTexture name="BF done0047" x="3352" y="2160" width="368" height="414" frameX="-12" frameY="-11" frameWidth="390" frameHeight="425"/>
	<SubTexture name="BF done0048" x="5" y="2583" width="368" height="414" frameX="-12" frameY="-11" frameWidth="390" frameHeight="425"/>
	<SubTexture name="BF done0049" x="5" y="2583" width="368" height="414" frameX="-12" frameY="-11" frameWidth="390" frameHeight="425"/>
	<SubTexture name="BF done0050" x="1487" y="2160" width="368" height="414" frameX="-12" frameY="-11" frameWidth="390" frameHeight="425"/>
	<SubTexture name="BF done0051" x="1487" y="2160" width="368" height="414" frameX="-12" frameY="-11" frameWidth="390" frameHeight="425"/>
	<SubTexture name="BF done0052" x="1487" y="2160" width="368" height="414" frameX="-12" frameY="-11" frameWidth="390" frameHeight="425"/>
	<SubTexture name="BF done0053" x="1487" y="2160" width="368" height="414" frameX="-12" frameY="-11" frameWidth="390" frameHeight="425"/>
	<SubTexture name="BF done0054" x="1487" y="2160" width="368" height="414" frameX="-12" frameY="-11" frameWidth="390" frameHeight="425"/>
	<SubTexture name="BF done0055" x="1487" y="2160" width="368" height="414" frameX="-12" frameY="-11" frameWidth="390" frameHeight="425"/>
	<SubTexture name="BF done0056" x="1487" y="2160" width="368" height="414" frameX="-12" frameY="-11" frameWidth="390" frameHeight="425"/>
	<SubTexture name="BF done0057" x="1487" y="2160" width="368" height="414" frameX="-12" frameY="-11" frameWidth="390" frameHeight="425"/>
	<SubTexture name="BF done0058" x="1487" y="2160" width="368" height="414" frameX="-12" frameY="-11" frameWidth="390" frameHeight="425"/>
	<SubTexture name="BF done0059" x="1487" y="2160" width="368" height="414" frameX="-12" frameY="-11" frameWidth="390" frameHeight="425"/>
	<SubTexture name="BF done0060" x="1487" y="2160" width="368" height="414" frameX="-12" frameY="-11" frameWidth="390" frameHeight="425"/>
	<SubTexture name="BF done0061" x="1487" y="2160" width="368" height="414" frameX="-12" frameY="-11" frameWidth="390" frameHeight="425"/>
	<SubTexture name="BF done0062" x="1487" y="2160" width="368" height="414" frameX="-12" frameY="-11" frameWidth="390" frameHeight="425"/>
	<SubTexture name="BF done0063" x="378" y="2583" width="366" height="410" frameX="-9" frameY="-15" frameWidth="390" frameHeight="425"/>
	<SubTexture name="BF done0064" x="378" y="2583" width="366" height="410" frameX="-9" frameY="-15" frameWidth="390" frameHeight="425"/>
	<SubTexture name="BF done0065" x="749" y="2583" width="367" height="390" frameX="0" frameY="-33" frameWidth="390" frameHeight="425"/>
	<SubTexture name="BF done0066" x="749" y="2583" width="367" height="390" frameX="0" frameY="-33" frameWidth="390" frameHeight="425"/>
	<SubTexture name="BF done0067" x="1121" y="2583" width="364" height="398" frameX="-5" frameY="-26" frameWidth="390" frameHeight="425"/>
	<SubTexture name="BF done0068" x="1121" y="2583" width="364" height="398" frameX="-5" frameY="-26" frameWidth="390" frameHeight="425"/>
	<SubTexture name="BF done0069" x="1121" y="2583" width="364" height="398" frameX="-5" frameY="-26" frameWidth="390" frameHeight="425"/>
	<SubTexture name="BF done0070" x="1121" y="2583" width="364" height="398" frameX="-5" frameY="-26" frameWidth="390" frameHeight="425"/>
	<SubTexture name="BF done0071" x="1121" y="2583" width="364" height="398" frameX="-5" frameY="-26" frameWidth="390" frameHeight="425"/>
	<SubTexture name="BF done0072" x="1121" y="2583" width="364" height="398" frameX="-5" frameY="-26" frameWidth="390" frameHeight="425"/>
	<SubTexture name="BF done0073" x="1121" y="2583" width="364" height="398" frameX="-5" frameY="-26" frameWidth="390" frameHeight="425"/>
	<SubTexture name="BF done0074" x="1121" y="2583" width="364" height="398" frameX="-5" frameY="-26" frameWidth="390" frameHeight="425"/>
	<SubTexture name="BF done0075" x="1121" y="2583" width="364" height="398" frameX="-5" frameY="-26" frameWidth="390" frameHeight="425"/>
	<SubTexture name="BF done0076" x="1121" y="2583" width="364" height="398" frameX="-5" frameY="-26" frameWidth="390" frameHeight="425"/>
	<SubTexture name="BF done0077" x="1121" y="2583" width="364" height="398" frameX="-5" frameY="-26" frameWidth="390" frameHeight="425"/>
	<SubTexture name="BF done0078" x="1121" y="2583" width="364" height="398" frameX="-5" frameY="-26" frameWidth="390" frameHeight="425"/>
	<SubTexture name="BF done0079" x="1121" y="2583" width="364" height="398" frameX="-5" frameY="-26" frameWidth="390" frameHeight="425"/>
	<SubTexture name="BF done0080" x="1121" y="2583" width="364" height="398" frameX="-5" frameY="-26" frameWidth="390" frameHeight="425"/>
	<SubTexture name="BF done0081" x="1121" y="2583" width="364" height="398" frameX="-5" frameY="-26" frameWidth="390" frameHeight="425"/>
	<SubTexture name="BF done0082" x="1121" y="2583" width="364" height="398" frameX="-5" frameY="-26" frameWidth="390" frameHeight="425"/>
	<SubTexture name="BF done0083" x="1121" y="2583" width="364" height="398" frameX="-5" frameY="-26" frameWidth="390" frameHeight="425"/>
	<SubTexture name="BF done0084" x="1121" y="2583" width="364" height="398" frameX="-5" frameY="-26" frameWidth="390" frameHeight="425"/>
	<SubTexture name="BF done0085" x="1121" y="2583" width="364" height="398" frameX="-5" frameY="-26" frameWidth="390" frameHeight="425"/>
	<SubTexture name="BF done0086" x="1121" y="2583" width="364" height="398" frameX="-5" frameY="-26" frameWidth="390" frameHeight="425"/>
	<SubTexture name="BF done0087" x="1121" y="2583" width="364" height="398" frameX="-5" frameY="-26" frameWidth="390" frameHeight="425"/>
	<SubTexture name="BF done0088" x="1121" y="2583" width="364" height="398" frameX="-5" frameY="-26" frameWidth="390" frameHeight="425"/>
	<SubTexture name="BF done0089" x="1121" y="2583" width="364" height="398" frameX="-5" frameY="-26" frameWidth="390" frameHeight="425"/>
	<SubTexture name="BF done0090" x="1121" y="2583" width="364" height="398" frameX="-5" frameY="-26" frameWidth="390" frameHeight="425"/>
	<SubTexture name="BF done0091" x="1121" y="2583" width="364" height="398" frameX="-5" frameY="-26" frameWidth="390" frameHeight="425"/>
	<SubTexture name="BF done0092" x="1121" y="2583" width="364" height="398" frameX="-5" frameY="-26" frameWidth="390" frameHeight="425"/>
	<SubTexture name="BF done0093" x="1121" y="2583" width="364" height="398" frameX="-5" frameY="-26" frameWidth="390" frameHeight="425"/>
	<SubTexture name="BF done0094" x="1121" y="2583" width="364" height="398" frameX="-5" frameY="-26" frameWidth="390" frameHeight="425"/>
	<SubTexture name="BF done0095" x="1121" y="2583" width="364" height="398" frameX="-5" frameY="-26" frameWidth="390" frameHeight="425"/>
	<SubTexture name="BF done0096" x="1121" y="2583" width="364" height="398" frameX="-5" frameY="-26" frameWidth="390" frameHeight="425"/>
	<SubTexture name="BF done0097" x="1121" y="2583" width="364" height="398" frameX="-5" frameY="-26" frameWidth="390" frameHeight="425"/>
	<SubTexture name="BF done0098" x="1490" y="2583" width="364" height="398" frameX="-5" frameY="-26" frameWidth="390" frameHeight="425"/>
	<SubTexture name="BF done0099" x="1490" y="2583" width="364" height="398" frameX="-5" frameY="-26" frameWidth="390" frameHeight="425"/>
	<SubTexture name="BF done0100" x="1859" y="2583" width="364" height="398" frameX="-5" frameY="-26" frameWidth="390" frameHeight="425"/>
	<SubTexture name="BF done0101" x="1859" y="2583" width="364" height="398" frameX="-5" frameY="-26" frameWidth="390" frameHeight="425"/>
	<SubTexture name="BF done0102" x="2228" y="2583" width="364" height="398" frameX="-5" frameY="-26" frameWidth="390" frameHeight="425"/>
	<SubTexture name="BF done0103" x="2228" y="2583" width="364" height="398" frameX="-5" frameY="-26" frameWidth="390" frameHeight="425"/>
	<SubTexture name="BF done0104" x="2228" y="2583" width="364" height="398" frameX="-5" frameY="-26" frameWidth="390" frameHeight="425"/>
	<SubTexture name="BF done0105" x="2228" y="2583" width="364" height="398" frameX="-5" frameY="-26" frameWidth="390" frameHeight="425"/>
	<SubTexture name="BF done0106" x="2228" y="2583" width="364" height="398" frameX="-5" frameY="-26" frameWidth="390" frameHeight="425"/>
	<SubTexture name="BF done0107" x="2228" y="2583" width="364" height="398" frameX="-5" frameY="-26" frameWidth="390" frameHeight="425"/>
	<SubTexture name="BF done0108" x="2228" y="2583" width="364" height="398" frameX="-5" frameY="-26" frameWidth="390" frameHeight="425"/>
	<SubTexture name="BF done0109" x="2228" y="2583" width="364" height="398" frameX="-5" frameY="-26" frameWidth="390" frameHeight="425"/>
	<SubTexture name="BF done0110" x="2228" y="2583" width="364" height="398" frameX="-5" frameY="-26" frameWidth="390" frameHeight="425"/>
	<SubTexture name="BF done0111" x="2228" y="2583" width="364" height="398" frameX="-5" frameY="-26" frameWidth="390" frameHeight="425"/>
	<SubTexture name="BF done0112" x="2228" y="2583" width="364" height="398" frameX="-5" frameY="-26" frameWidth="390" frameHeight="425"/>
	<SubTexture name="BF done0113" x="2228" y="2583" width="364" height="398" frameX="-5" frameY="-26" frameWidth="390" frameHeight="425"/>
	<SubTexture name="BF done0114" x="2228" y="2583" width="364" height="398" frameX="-5" frameY="-26" frameWidth="390" frameHeight="425"/>
	<SubTexture name="BF done0115" x="2228" y="2583" width="364" height="398" frameX="-5" frameY="-26" frameWidth="390" frameHeight="425"/>
	<SubTexture name="BF done0116" x="2228" y="2583" width="364" height="398" frameX="-5" frameY="-26" frameWidth="390" frameHeight="425"/>
	<SubTexture name="BF done0117" x="2228" y="2583" width="364" height="398" frameX="-5" frameY="-26" frameWidth="390" frameHeight="425"/>
	<SubTexture name="BF done0118" x="2228" y="2583" width="364" height="398" frameX="-5" frameY="-26" frameWidth="390" frameHeight="425"/>
	<SubTexture name="BF done0119" x="2228" y="2583" width="364" height="398" frameX="-5" frameY="-26" frameWidth="390" frameHeight="425"/>
	<SubTexture name="BF done0120" x="2228" y="2583" width="364" height="398" frameX="-5" frameY="-26" frameWidth="390" frameHeight="425"/>
	<SubTexture name="BF done0121" x="2228" y="2583" width="364" height="398" frameX="-5" frameY="-26" frameWidth="390" frameHeight="425"/>
	<SubTexture name="BF done0122" x="2228" y="2583" width="364" height="398" frameX="-5" frameY="-26" frameWidth="390" frameHeight="425"/>
	<SubTexture name="BF done0123" x="2228" y="2583" width="364" height="398" frameX="-5" frameY="-26" frameWidth="390" frameHeight="425"/>
	<SubTexture name="BF done0124" x="2228" y="2583" width="364" height="398" frameX="-5" frameY="-26" frameWidth="390" frameHeight="425"/>
	<SubTexture name="BF done0125" x="2228" y="2583" width="364" height="398" frameX="-5" frameY="-26" frameWidth="390" frameHeight="425"/>
	<SubTexture name="BF done0126" x="2228" y="2583" width="364" height="398" frameX="-5" frameY="-26" frameWidth="390" frameHeight="425"/>
	<SubTexture name="BF done0127" x="2228" y="2583" width="364" height="398" frameX="-5" frameY="-26" frameWidth="390" frameHeight="425"/>
	<SubTexture name="BF done0128" x="2228" y="2583" width="364" height="398" frameX="-5" frameY="-26" frameWidth="390" frameHeight="425"/>
	<SubTexture name="BF done0129" x="2228" y="2583" width="364" height="398" frameX="-5" frameY="-26" frameWidth="390" frameHeight="425"/>
	<SubTexture name="BF done0130" x="2228" y="2583" width="364" height="398" frameX="-5" frameY="-26" frameWidth="390" frameHeight="425"/>
	<SubTexture name="BF done0131" x="2228" y="2583" width="364" height="398" frameX="-5" frameY="-26" frameWidth="390" frameHeight="425"/>
	<SubTexture name="BF done0132" x="2228" y="2583" width="364" height="398" frameX="-5" frameY="-26" frameWidth="390" frameHeight="425"/>
	<SubTexture name="BF done0133" x="2228" y="2583" width="364" height="398" frameX="-5" frameY="-26" frameWidth="390" frameHeight="425"/>
	<SubTexture name="BF done0134" x="2228" y="2583" width="364" height="398" frameX="-5" frameY="-26" frameWidth="390" frameHeight="425"/>
	<SubTexture name="BF done0135" x="2228" y="2583" width="364" height="398" frameX="-5" frameY="-26" frameWidth="390" frameHeight="425"/>
	<SubTexture name="BF done0136" x="2228" y="2583" width="364" height="398" frameX="-5" frameY="-26" frameWidth="390" frameHeight="425"/>
	<SubTexture name="BF done0137" x="2228" y="2583" width="364" height="398" frameX="-5" frameY="-26" frameWidth="390" frameHeight="425"/>
	<SubTexture name="BF done0138" x="2228" y="2583" width="364" height="398" frameX="-5" frameY="-26" frameWidth="390" frameHeight="425"/>
	<SubTexture name="BF done0139" x="2228" y="2583" width="364" height="398" frameX="-5" frameY="-26" frameWidth="390" frameHeight="425"/>
	<SubTexture name="BF done0140" x="2228" y="2583" width="364" height="398" frameX="-5" frameY="-26" frameWidth="390" frameHeight="425"/>
	<SubTexture name="BF done0141" x="2228" y="2583" width="364" height="398" frameX="-5" frameY="-26" frameWidth="390" frameHeight="425"/>
	<SubTexture name="BF done0142" x="2228" y="2583" width="364" height="398" frameX="-5" frameY="-26" frameWidth="390" frameHeight="425"/>
	<SubTexture name="BF done0143" x="2228" y="2583" width="364" height="398" frameX="-5" frameY="-26" frameWidth="390" frameHeight="425"/>
	<SubTexture name="BF done0144" x="2228" y="2583" width="364" height="398" frameX="-5" frameY="-26" frameWidth="390" frameHeight="425"/>
	<SubTexture name="BF done0145" x="2228" y="2583" width="364" height="398" frameX="-5" frameY="-26" frameWidth="390" frameHeight="425"/>
	<SubTexture name="BF done0146" x="2228" y="2583" width="364" height="398" frameX="-5" frameY="-26" frameWidth="390" frameHeight="425"/>
	<SubTexture name="BF done0147" x="2228" y="2583" width="364" height="398" frameX="-5" frameY="-26" frameWidth="390" frameHeight="425"/>
	<SubTexture name="BF done0148" x="2228" y="2583" width="364" height="398" frameX="-5" frameY="-26" frameWidth="390" frameHeight="425"/>
	<SubTexture name="BF done0149" x="2228" y="2583" width="364" height="398" frameX="-5" frameY="-26" frameWidth="390" frameHeight="425"/>
	<SubTexture name="BF done0150" x="2597" y="2583" width="365" height="390" frameX="-2" frameY="-33" frameWidth="390" frameHeight="425"/>
	<SubTexture name="BF done0151" x="2597" y="2583" width="365" height="390" frameX="-2" frameY="-33" frameWidth="390" frameHeight="425"/>
	<SubTexture name="BF done0152" x="2967" y="2583" width="374" height="425" frameX="-15" frameY="0" frameWidth="390" frameHeight="425"/>
	<SubTexture name="BF done0153" x="2967" y="2583" width="374" height="425" frameX="-15" frameY="0" frameWidth="390" frameHeight="425"/>
	<SubTexture name="BF done0154" x="3346" y="2583" width="379" height="418" frameX="-11" frameY="-7" frameWidth="390" frameHeight="425"/>
	<SubTexture name="BF done0155" x="3346" y="2583" width="379" height="418" frameX="-11" frameY="-7" frameWidth="390" frameHeight="425"/>
	<SubTexture name="BF done0156" x="3346" y="2583" width="379" height="418" frameX="-11" frameY="-7" frameWidth="390" frameHeight="425"/>
	<SubTexture name="BF done0157" x="3346" y="2583" width="379" height="418" frameX="-11" frameY="-7" frameWidth="390" frameHeight="425"/>
	<SubTexture name="BF done0158" x="3346" y="2583" width="379" height="418" frameX="-11" frameY="-7" frameWidth="390" frameHeight="425"/>
	<SubTexture name="BF done0159" x="3346" y="2583" width="379" height="418" frameX="-11" frameY="-7" frameWidth="390" frameHeight="425"/>
	<SubTexture name="BF done0160" x="3346" y="2583" width="379" height="418" frameX="-11" frameY="-7" frameWidth="390" frameHeight="425"/>
	<SubTexture name="BF done0161" x="3346" y="2583" width="379" height="418" frameX="-11" frameY="-7" frameWidth="390" frameHeight="425"/>
	<SubTexture name="BF done0162" x="3346" y="2583" width="379" height="418" frameX="-11" frameY="-7" frameWidth="390" frameHeight="425"/>
	<SubTexture name="BF done0163" x="3346" y="2583" width="379" height="418" frameX="-11" frameY="-7" frameWidth="390" frameHeight="425"/>
	<SubTexture name="BF done0164" x="3346" y="2583" width="379" height="418" frameX="-11" frameY="-7" frameWidth="390" frameHeight="425"/>
	<SubTexture name="BF done0165" x="3346" y="2583" width="379" height="418" frameX="-11" frameY="-7" frameWidth="390" frameHeight="425"/>
	<SubTexture name="BF done0166" x="3346" y="2583" width="379" height="418" frameX="-11" frameY="-7" frameWidth="390" frameHeight="425"/>
	<SubTexture name="BF done0167" x="3346" y="2583" width="379" height="418" frameX="-11" frameY="-7" frameWidth="390" frameHeight="425"/>
	<SubTexture name="BF done0168" x="3346" y="2583" width="379" height="418" frameX="-11" frameY="-7" frameWidth="390" frameHeight="425"/>
	<SubTexture name="BF done0169" x="3346" y="2583" width="379" height="418" frameX="-11" frameY="-7" frameWidth="390" frameHeight="425"/>
	<SubTexture name="BF done0170" x="3346" y="2583" width="379" height="418" frameX="-11" frameY="-7" frameWidth="390" frameHeight="425"/>
	<SubTexture name="BF done0171" x="3346" y="2583" width="379" height="418" frameX="-11" frameY="-7" frameWidth="390" frameHeight="425"/>
	<SubTexture name="BF done0172" x="3346" y="2583" width="379" height="418" frameX="-11" frameY="-7" frameWidth="390" frameHeight="425"/>
	<SubTexture name="BF done0173" x="3346" y="2583" width="379" height="418" frameX="-11" frameY="-7" frameWidth="390" frameHeight="425"/>
	<SubTexture name="BF done0174" x="3346" y="2583" width="379" height="418" frameX="-11" frameY="-7" frameWidth="390" frameHeight="425"/>
	<SubTexture name="BF done0175" x="3346" y="2583" width="379" height="418" frameX="-11" frameY="-7" frameWidth="390" frameHeight="425"/>
	<SubTexture name="BF done0176" x="3346" y="2583" width="379" height="418" frameX="-11" frameY="-7" frameWidth="390" frameHeight="425"/>
	<SubTexture name="BF done0177" x="3346" y="2583" width="379" height="418" frameX="-11" frameY="-7" frameWidth="390" frameHeight="425"/>
	<SubTexture name="BF done0178" x="3346" y="2583" width="379" height="418" frameX="-11" frameY="-7" frameWidth="390" frameHeight="425"/>
	<SubTexture name="BF done0179" x="3346" y="2583" width="379" height="418" frameX="-11" frameY="-7" frameWidth="390" frameHeight="425"/>
	<SubTexture name="BF done0180" x="3346" y="2583" width="379" height="418" frameX="-11" frameY="-7" frameWidth="390" frameHeight="425"/>
	<SubTexture name="BF done0181" x="3346" y="2583" width="379" height="418" frameX="-11" frameY="-7" frameWidth="390" frameHeight="425"/>
	<SubTexture name="BF done0182" x="3346" y="2583" width="379" height="418" frameX="-11" frameY="-7" frameWidth="390" frameHeight="425"/>
	<SubTexture name="BF done0183" x="3346" y="2583" width="379" height="418" frameX="-11" frameY="-7" frameWidth="390" frameHeight="425"/>
	<SubTexture name="BF done0184" x="3346" y="2583" width="379" height="418" frameX="-11" frameY="-7" frameWidth="390" frameHeight="425"/>
	<SubTexture name="BF done0185" x="3346" y="2583" width="379" height="418" frameX="-11" frameY="-7" frameWidth="390" frameHeight="425"/>
	<SubTexture name="BF done0186" x="3346" y="2583" width="379" height="418" frameX="-11" frameY="-7" frameWidth="390" frameHeight="425"/>
	<SubTexture name="BF done0187" x="5" y="3013" width="379" height="418" frameX="-11" frameY="-7" frameWidth="390" frameHeight="425"/>
	<SubTexture name="BF done0188" x="389" y="3013" width="379" height="418" frameX="-11" frameY="-7" frameWidth="390" frameHeight="425"/>
	<SubTexture name="BF done0189" x="389" y="3013" width="379" height="418" frameX="-11" frameY="-7" frameWidth="390" frameHeight="425"/>
	<SubTexture name="BF done0190" x="773" y="3013" width="379" height="418" frameX="-11" frameY="-7" frameWidth="390" frameHeight="425"/>
	<SubTexture name="BF done0191" x="773" y="3013" width="379" height="418" frameX="-11" frameY="-7" frameWidth="390" frameHeight="425"/>
	<SubTexture name="BF done0192" x="773" y="3013" width="379" height="418" frameX="-11" frameY="-7" frameWidth="390" frameHeight="425"/>
	<SubTexture name="BF done0193" x="773" y="3013" width="379" height="418" frameX="-11" frameY="-7" frameWidth="390" frameHeight="425"/>
	<SubTexture name="BF done0194" x="773" y="3013" width="379" height="418" frameX="-11" frameY="-7" frameWidth="390" frameHeight="425"/>
	<SubTexture name="BF done0195" x="773" y="3013" width="379" height="418" frameX="-11" frameY="-7" frameWidth="390" frameHeight="425"/>
	<SubTexture name="BF done0196" x="773" y="3013" width="379" height="418" frameX="-11" frameY="-7" frameWidth="390" frameHeight="425"/>
	<SubTexture name="BF done0197" x="773" y="3013" width="379" height="418" frameX="-11" frameY="-7" frameWidth="390" frameHeight="425"/>
	<SubTexture name="BF done0198" x="773" y="3013" width="379" height="418" frameX="-11" frameY="-7" frameWidth="390" frameHeight="425"/>
	<SubTexture name="BF done0199" x="773" y="3013" width="379" height="418" frameX="-11" frameY="-7" frameWidth="390" frameHeight="425"/>
	<SubTexture name="BF done0200" x="773" y="3013" width="379" height="418" frameX="-11" frameY="-7" frameWidth="390" frameHeight="425"/>
	<SubTexture name="BF done0201" x="773" y="3013" width="379" height="418" frameX="-11" frameY="-7" frameWidth="390" frameHeight="425"/>
	<SubTexture name="BF done0202" x="773" y="3013" width="379" height="418" frameX="-11" frameY="-7" frameWidth="390" frameHeight="425"/>
	<SubTexture name="BF done0203" x="773" y="3013" width="379" height="418" frameX="-11" frameY="-7" frameWidth="390" frameHeight="425"/>
	<SubTexture name="BF done0204" x="773" y="3013" width="379" height="418" frameX="-11" frameY="-7" frameWidth="390" frameHeight="425"/>
	<SubTexture name="BF done0205" x="773" y="3013" width="379" height="418" frameX="-11" frameY="-7" frameWidth="390" frameHeight="425"/>
	<SubTexture name="BF done0206" x="773" y="3013" width="379" height="418" frameX="-11" frameY="-7" frameWidth="390" frameHeight="425"/>
	<SubTexture name="BF done0207" x="5" y="3013" width="379" height="418" frameX="-11" frameY="-7" frameWidth="390" frameHeight="425"/>
	<SubTexture name="BF done0208" x="1157" y="3013" width="379" height="418" frameX="-11" frameY="-7" frameWidth="390" frameHeight="425"/>
	<SubTexture name="BF done0209" x="1157" y="3013" width="379" height="418" frameX="-11" frameY="-7" frameWidth="390" frameHeight="425"/>
	<SubTexture name="BF done0210" x="3346" y="2583" width="379" height="418" frameX="-11" frameY="-7" frameWidth="390" frameHeight="425"/>
	<SubTexture name="BF done0211" x="3346" y="2583" width="379" height="418" frameX="-11" frameY="-7" frameWidth="390" frameHeight="425"/>
	<SubTexture name="BF done0212" x="3346" y="2583" width="379" height="418" frameX="-11" frameY="-7" frameWidth="390" frameHeight="425"/>
	<SubTexture name="BF done0213" x="3346" y="2583" width="379" height="418" frameX="-11" frameY="-7" frameWidth="390" frameHeight="425"/>
	<SubTexture name="BF done0214" x="3346" y="2583" width="379" height="418" frameX="-11" frameY="-7" frameWidth="390" frameHeight="425"/>
	<SubTexture name="BF done0215" x="3346" y="2583" width="379" height="418" frameX="-11" frameY="-7" frameWidth="390" frameHeight="425"/>
	<SubTexture name="BF done0216" x="3346" y="2583" width="379" height="418" frameX="-11" frameY="-7" frameWidth="390" frameHeight="425"/>
	<SubTexture name="BF done0217" x="3346" y="2583" width="379" height="418" frameX="-11" frameY="-7" frameWidth="390" frameHeight="425"/>
	<SubTexture name="BF done0218" x="3346" y="2583" width="379" height="418" frameX="-11" frameY="-7" frameWidth="390" frameHeight="425"/>
	<SubTexture name="BF done0219" x="3346" y="2583" width="379" height="418" frameX="-11" frameY="-7" frameWidth="390" frameHeight="425"/>
	<SubTexture name="BF done0220" x="3346" y="2583" width="379" height="418" frameX="-11" frameY="-7" frameWidth="390" frameHeight="425"/>
	<SubTexture name="BF done0221" x="3346" y="2583" width="379" height="418" frameX="-11" frameY="-7" frameWidth="390" frameHeight="425"/>
	<SubTexture name="BF done0222" x="3346" y="2583" width="379" height="418" frameX="-11" frameY="-7" frameWidth="390" frameHeight="425"/>
	<SubTexture name="BF done0223" x="3346" y="2583" width="379" height="418" frameX="-11" frameY="-7" frameWidth="390" frameHeight="425"/>
	<SubTexture name="BF done0224" x="3346" y="2583" width="379" height="418" frameX="-11" frameY="-7" frameWidth="390" frameHeight="425"/>
	<SubTexture name="BF done0225" x="3346" y="2583" width="379" height="418" frameX="-11" frameY="-7" frameWidth="390" frameHeight="425"/>
	<SubTexture name="BF done0226" x="3346" y="2583" width="379" height="418" frameX="-11" frameY="-7" frameWidth="390" frameHeight="425"/>
	<SubTexture name="BF done0227" x="3346" y="2583" width="379" height="418" frameX="-11" frameY="-7" frameWidth="390" frameHeight="425"/>
	<SubTexture name="BF done0228" x="3346" y="2583" width="379" height="418" frameX="-11" frameY="-7" frameWidth="390" frameHeight="425"/>
	<SubTexture name="BF done0229" x="3346" y="2583" width="379" height="418" frameX="-11" frameY="-7" frameWidth="390" frameHeight="425"/>
	<SubTexture name="BF done0230" x="3346" y="2583" width="379" height="418" frameX="-11" frameY="-7" frameWidth="390" frameHeight="425"/>
	<SubTexture name="BF done0231" x="3346" y="2583" width="379" height="418" frameX="-11" frameY="-7" frameWidth="390" frameHeight="425"/>
	<SubTexture name="BF done0232" x="3346" y="2583" width="379" height="418" frameX="-11" frameY="-7" frameWidth="390" frameHeight="425"/>
	<SubTexture name="BF done0233" x="3346" y="2583" width="379" height="418" frameX="-11" frameY="-7" frameWidth="390" frameHeight="425"/>
	<SubTexture name="BF done0234" x="3346" y="2583" width="379" height="418" frameX="-11" frameY="-7" frameWidth="390" frameHeight="425"/>
	<SubTexture name="BF done0235" x="3346" y="2583" width="379" height="418" frameX="-11" frameY="-7" frameWidth="390" frameHeight="425"/>
	<SubTexture name="BF done0236" x="3346" y="2583" width="379" height="418" frameX="-11" frameY="-7" frameWidth="390" frameHeight="425"/>
	<SubTexture name="BF done0237" x="3346" y="2583" width="379" height="418" frameX="-11" frameY="-7" frameWidth="390" frameHeight="425"/>
	<SubTexture name="BF done0238" x="3346" y="2583" width="379" height="418" frameX="-11" frameY="-7" frameWidth="390" frameHeight="425"/>
	<SubTexture name="BF done0239" x="3346" y="2583" width="379" height="418" frameX="-11" frameY="-7" frameWidth="390" frameHeight="425"/>
	<SubTexture name="BF done0240" x="3346" y="2583" width="379" height="418" frameX="-11" frameY="-7" frameWidth="390" frameHeight="425"/>
	<SubTexture name="BF done0241" x="3346" y="2583" width="379" height="418" frameX="-11" frameY="-7" frameWidth="390" frameHeight="425"/>
	<SubTexture name="BF done0242" x="3346" y="2583" width="379" height="418" frameX="-11" frameY="-7" frameWidth="390" frameHeight="425"/>
	<SubTexture name="BF done0243" x="3346" y="2583" width="379" height="418" frameX="-11" frameY="-7" frameWidth="390" frameHeight="425"/>
	<SubTexture name="BF done0244" x="3346" y="2583" width="379" height="418" frameX="-11" frameY="-7" frameWidth="390" frameHeight="425"/>
	<SubTexture name="BF done0245" x="3346" y="2583" width="379" height="418" frameX="-11" frameY="-7" frameWidth="390" frameHeight="425"/>
	<SubTexture name="BF done0246" x="3346" y="2583" width="379" height="418" frameX="-11" frameY="-7" frameWidth="390" frameHeight="425"/>
	<SubTexture name="BF done0247" x="3346" y="2583" width="379" height="418" frameX="-11" frameY="-7" frameWidth="390" frameHeight="425"/>
	<SubTexture name="BF done0248" x="3346" y="2583" width="379" height="418" frameX="-11" frameY="-7" frameWidth="390" frameHeight="425"/>
	<SubTexture name="BF done0249" x="3346" y="2583" width="379" height="418" frameX="-11" frameY="-7" frameWidth="390" frameHeight="425"/>
	<SubTexture name="BF done0250" x="3346" y="2583" width="379" height="418" frameX="-11" frameY="-7" frameWidth="390" frameHeight="425"/>
	<SubTexture name="BF done0251" x="3346" y="2583" width="379" height="418" frameX="-11" frameY="-7" frameWidth="390" frameHeight="425"/>
	<SubTexture name="BF done0252" x="3346" y="2583" width="379" height="418" frameX="-11" frameY="-7" frameWidth="390" frameHeight="425"/>
	<SubTexture name="BF done0253" x="3346" y="2583" width="379" height="418" frameX="-11" frameY="-7" frameWidth="390" frameHeight="425"/>
	<SubTexture name="BF done0254" x="3346" y="2583" width="379" height="418" frameX="-11" frameY="-7" frameWidth="390" frameHeight="425"/>
	<SubTexture name="BF done0255" x="3346" y="2583" width="379" height="418" frameX="-11" frameY="-7" frameWidth="390" frameHeight="425"/>
	<SubTexture name="BF done0256" x="3346" y="2583" width="379" height="418" frameX="-11" frameY="-7" frameWidth="390" frameHeight="425"/>
	<SubTexture name="BF done0257" x="3346" y="2583" width="379" height="418" frameX="-11" frameY="-7" frameWidth="390" frameHeight="425"/>
	<SubTexture name="BF done0258" x="3346" y="2583" width="379" height="418" frameX="-11" frameY="-7" frameWidth="390" frameHeight="425"/>
	<SubTexture name="BF done0259" x="3346" y="2583" width="379" height="418" frameX="-11" frameY="-7" frameWidth="390" frameHeight="425"/>
	<SubTexture name="BF done0260" x="3346" y="2583" width="379" height="418" frameX="-11" frameY="-7" frameWidth="390" frameHeight="425"/>
	<SubTexture name="BF done0261" x="3346" y="2583" width="379" height="418" frameX="-11" frameY="-7" frameWidth="390" frameHeight="425"/>
	<SubTexture name="BF done0262" x="3346" y="2583" width="379" height="418" frameX="-11" frameY="-7" frameWidth="390" frameHeight="425"/>
	<SubTexture name="BF done0263" x="3346" y="2583" width="379" height="418" frameX="-11" frameY="-7" frameWidth="390" frameHeight="425"/>
	<SubTexture name="BF done0264" x="3346" y="2583" width="379" height="418" frameX="-11" frameY="-7" frameWidth="390" frameHeight="425"/>
	<SubTexture name="BF done0265" x="3346" y="2583" width="379" height="418" frameX="-11" frameY="-7" frameWidth="390" frameHeight="425"/>
	<SubTexture name="BF done0266" x="3346" y="2583" width="379" height="418" frameX="-11" frameY="-7" frameWidth="390" frameHeight="425"/>
	<SubTexture name="BF done0267" x="3346" y="2583" width="379" height="418" frameX="-11" frameY="-7" frameWidth="390" frameHeight="425"/>
	<SubTexture name="BF done0268" x="3346" y="2583" width="379" height="418" frameX="-11" frameY="-7" frameWidth="390" frameHeight="425"/>
	<SubTexture name="BF done0269" x="3346" y="2583" width="379" height="418" frameX="-11" frameY="-7" frameWidth="390" frameHeight="425"/>
	<SubTexture name="BF done0270" x="3346" y="2583" width="379" height="418" frameX="-11" frameY="-7" frameWidth="390" frameHeight="425"/>
	<SubTexture name="BF done0271" x="3346" y="2583" width="379" height="418" frameX="-11" frameY="-7" frameWidth="390" frameHeight="425"/>
	<SubTexture name="BF done0272" x="3346" y="2583" width="379" height="418" frameX="-11" frameY="-7" frameWidth="390" frameHeight="425"/>
	<SubTexture name="BF done0273" x="3346" y="2583" width="379" height="418" frameX="-11" frameY="-7" frameWidth="390" frameHeight="425"/>
	<SubTexture name="BF done0274" x="3346" y="2583" width="379" height="418" frameX="-11" frameY="-7" frameWidth="390" frameHeight="425"/>
	<SubTexture name="BF done0275" x="3346" y="2583" width="379" height="418" frameX="-11" frameY="-7" frameWidth="390" frameHeight="425"/>
	<SubTexture name="BF done0276" x="3346" y="2583" width="379" height="418" frameX="-11" frameY="-7" frameWidth="390" frameHeight="425"/>
	<SubTexture name="BF done0277" x="3346" y="2583" width="379" height="418" frameX="-11" frameY="-7" frameWidth="390" frameHeight="425"/>
	<SubTexture name="BF done0278" x="3346" y="2583" width="379" height="418" frameX="-11" frameY="-7" frameWidth="390" frameHeight="425"/>
	<SubTexture name="BF done0279" x="3346" y="2583" width="379" height="418" frameX="-11" frameY="-7" frameWidth="390" frameHeight="425"/>
	<SubTexture name="BF idle dance0000" x="1541" y="3013" width="367" height="392" frameX="0" frameY="-21" frameWidth="371" frameHeight="414"/>
	<SubTexture name="BF idle dance0001" x="1541" y="3013" width="367" height="392" frameX="0" frameY="-21" frameWidth="371" frameHeight="414"/>
	<SubTexture name="BF idle dance0002" x="1913" y="3013" width="367" height="395" frameX="-1" frameY="-19" frameWidth="371" frameHeight="414"/>
	<SubTexture name="BF idle dance0003" x="1913" y="3013" width="367" height="395" frameX="-1" frameY="-19" frameWidth="371" frameHeight="414"/>
	<SubTexture name="BF idle dance0004" x="2285" y="3013" width="365" height="400" frameX="-3" frameY="-14" frameWidth="371" frameHeight="414"/>
	<SubTexture name="BF idle dance0005" x="2285" y="3013" width="365" height="400" frameX="-3" frameY="-14" frameWidth="371" frameHeight="414"/>
	<SubTexture name="BF idle dance0006" x="2655" y="3013" width="368" height="412" frameX="-3" frameY="-2" frameWidth="371" frameHeight="414"/>
	<SubTexture name="BF idle dance0007" x="2655" y="3013" width="368" height="412" frameX="-3" frameY="-2" frameWidth="371" frameHeight="414"/>
	<SubTexture name="BF idle dance0008" x="3028" y="3013" width="367" height="414" frameX="-3" frameY="0" frameWidth="371" frameHeight="414"/>
	<SubTexture name="BF idle dance0009" x="3028" y="3013" width="367" height="414" frameX="-3" frameY="0" frameWidth="371" frameHeight="414"/>
	<SubTexture name="BF idle dance0010" x="3028" y="3013" width="367" height="414" frameX="-3" frameY="0" frameWidth="371" frameHeight="414"/>
	<SubTexture name="BF idle dance0011" x="3028" y="3013" width="367" height="414" frameX="-3" frameY="0" frameWidth="371" frameHeight="414"/>
	<SubTexture name="BF idle dance0012" x="3028" y="3013" width="367" height="414" frameX="-3" frameY="0" frameWidth="371" frameHeight="414"/>
	<SubTexture name="BF idle dance0013" x="3028" y="3013" width="367" height="414" frameX="-3" frameY="0" frameWidth="371" frameHeight="414"/>
</TextureAtlas>
