﻿<?xml version="1.0" encoding="utf-8"?>
<TextureAtlas imagePath="GF_assets.png">
	<!-- Created with Adobe Animate version 21.0.1.37179 -->
	<!-- http://www.adobe.com/products/animate.html -->
	<SubTexture name="GF dance0000" x="5" y="5" width="242" height="333" frameX="0" frameY="-10" frameWidth="252" frameHeight="345"/>
	<SubTexture name="GF dance0001" x="5" y="5" width="242" height="333" frameX="0" frameY="-10" frameWidth="252" frameHeight="345"/>
	<SubTexture name="GF dance0002" x="252" y="5" width="238" height="336" frameX="-3" frameY="-8" frameWidth="252" frameHeight="345"/>
	<SubTexture name="GF dance0003" x="252" y="5" width="238" height="336" frameX="-3" frameY="-8" frameWidth="252" frameHeight="345"/>
	<SubTexture name="GF dance0004" x="252" y="5" width="238" height="336" frameX="-3" frameY="-8" frameWidth="252" frameHeight="345"/>
	<SubTexture name="GF dance0005" x="252" y="5" width="238" height="336" frameX="-3" frameY="-8" frameWidth="252" frameHeight="345"/>
	<SubTexture name="GF dance0006" x="252" y="5" width="238" height="336" frameX="-3" frameY="-8" frameWidth="252" frameHeight="345"/>
	<SubTexture name="GF dance0007" x="252" y="5" width="238" height="336" frameX="-3" frameY="-8" frameWidth="252" frameHeight="345"/>
	<SubTexture name="GF dance0008" x="252" y="5" width="238" height="336" frameX="-3" frameY="-8" frameWidth="252" frameHeight="345"/>
	<SubTexture name="GF dance0009" x="495" y="5" width="238" height="337" frameX="-3" frameY="-7" frameWidth="252" frameHeight="345"/>
	<SubTexture name="GF dance0010" x="495" y="5" width="238" height="337" frameX="-3" frameY="-7" frameWidth="252" frameHeight="345"/>
	<SubTexture name="GF dance0011" x="738" y="5" width="238" height="344" frameX="-5" frameY="-1" frameWidth="252" frameHeight="345"/>
	<SubTexture name="GF dance0012" x="738" y="5" width="238" height="344" frameX="-5" frameY="-1" frameWidth="252" frameHeight="345"/>
	<SubTexture name="GF dance0013" x="981" y="5" width="238" height="341" frameX="-6" frameY="-3" frameWidth="252" frameHeight="345"/>
	<SubTexture name="GF dance0014" x="981" y="5" width="238" height="341" frameX="-6" frameY="-3" frameWidth="252" frameHeight="345"/>
	<SubTexture name="GF dance0015" x="1224" y="5" width="240" height="337" frameX="-12" frameY="-6" frameWidth="252" frameHeight="345"/>
	<SubTexture name="GF dance0016" x="1224" y="5" width="240" height="337" frameX="-12" frameY="-6" frameWidth="252" frameHeight="345"/>
	<SubTexture name="GF dance0017" x="1469" y="5" width="238" height="338" frameX="-11" frameY="-6" frameWidth="252" frameHeight="345"/>
	<SubTexture name="GF dance0018" x="1469" y="5" width="238" height="338" frameX="-11" frameY="-6" frameWidth="252" frameHeight="345"/>
	<SubTexture name="GF dance0019" x="1469" y="5" width="238" height="338" frameX="-11" frameY="-6" frameWidth="252" frameHeight="345"/>
	<SubTexture name="GF dance0020" x="1712" y="5" width="238" height="338" frameX="-11" frameY="-6" frameWidth="252" frameHeight="345"/>
	<SubTexture name="GF dance0021" x="1712" y="5" width="238" height="338" frameX="-11" frameY="-6" frameWidth="252" frameHeight="345"/>
	<SubTexture name="GF dance0022" x="1712" y="5" width="238" height="338" frameX="-11" frameY="-6" frameWidth="252" frameHeight="345"/>
	<SubTexture name="GF dance0023" x="1712" y="5" width="238" height="338" frameX="-11" frameY="-6" frameWidth="252" frameHeight="345"/>
	<SubTexture name="GF dance0024" x="5" y="354" width="238" height="339" frameX="-11" frameY="-5" frameWidth="252" frameHeight="345"/>
	<SubTexture name="GF dance0025" x="5" y="354" width="238" height="339" frameX="-11" frameY="-5" frameWidth="252" frameHeight="345"/>
	<SubTexture name="GF dance0026" x="248" y="354" width="238" height="345" frameX="-5" frameY="0" frameWidth="252" frameHeight="345"/>
	<SubTexture name="GF dance0027" x="248" y="354" width="238" height="345" frameX="-5" frameY="0" frameWidth="252" frameHeight="345"/>
	<SubTexture name="GF dance0028" x="491" y="354" width="239" height="343" frameX="-3" frameY="-2" frameWidth="252" frameHeight="345"/>
	<SubTexture name="GF dance0029" x="491" y="354" width="239" height="343" frameX="-3" frameY="-2" frameWidth="252" frameHeight="345"/>
	<SubTexture name="GF sad0000" x="735" y="354" width="239" height="320" frameX="0" frameY="-6" frameWidth="243" frameHeight="326"/>
	<SubTexture name="GF sad0001" x="735" y="354" width="239" height="320" frameX="0" frameY="-6" frameWidth="243" frameHeight="326"/>
	<SubTexture name="GF sad0002" x="735" y="354" width="239" height="320" frameX="0" frameY="-6" frameWidth="243" frameHeight="326"/>
	<SubTexture name="GF sad0003" x="979" y="354" width="238" height="326" frameX="-5" frameY="0" frameWidth="243" frameHeight="326"/>
	<SubTexture name="GF sad0004" x="979" y="354" width="238" height="326" frameX="-5" frameY="0" frameWidth="243" frameHeight="326"/>
	<SubTexture name="GF sad0005" x="979" y="354" width="238" height="326" frameX="-5" frameY="0" frameWidth="243" frameHeight="326"/>
	<SubTexture name="GF sad0006" x="979" y="354" width="238" height="326" frameX="-5" frameY="0" frameWidth="243" frameHeight="326"/>
	<SubTexture name="GF sad0007" x="979" y="354" width="238" height="326" frameX="-5" frameY="0" frameWidth="243" frameHeight="326"/>
	<SubTexture name="GF sad0008" x="979" y="354" width="238" height="326" frameX="-5" frameY="0" frameWidth="243" frameHeight="326"/>
	<SubTexture name="GF sad0009" x="979" y="354" width="238" height="326" frameX="-5" frameY="0" frameWidth="243" frameHeight="326"/>
	<SubTexture name="GF sad0010" x="1222" y="354" width="238" height="326" frameX="-5" frameY="0" frameWidth="243" frameHeight="326"/>
	<SubTexture name="GF sad0011" x="1222" y="354" width="238" height="326" frameX="-5" frameY="0" frameWidth="243" frameHeight="326"/>
	<SubTexture name="GF sad0012" x="1222" y="354" width="238" height="326" frameX="-5" frameY="0" frameWidth="243" frameHeight="326"/>
	<SubTexture name="GF sad0013" x="1465" y="354" width="238" height="326" frameX="-5" frameY="0" frameWidth="243" frameHeight="326"/>
	<SubTexture name="GF sad0014" x="1465" y="354" width="238" height="326" frameX="-5" frameY="0" frameWidth="243" frameHeight="326"/>
	<SubTexture name="GF sad0015" x="1708" y="354" width="238" height="326" frameX="-5" frameY="0" frameWidth="243" frameHeight="326"/>
	<SubTexture name="GF sad0016" x="1708" y="354" width="238" height="326" frameX="-5" frameY="0" frameWidth="243" frameHeight="326"/>
	<SubTexture name="GF sad0017" x="5" y="704" width="238" height="326" frameX="-5" frameY="0" frameWidth="243" frameHeight="326"/>
	<SubTexture name="GF sad0018" x="5" y="704" width="238" height="326" frameX="-5" frameY="0" frameWidth="243" frameHeight="326"/>
	<SubTexture name="GF sad0019" x="248" y="704" width="238" height="326" frameX="-5" frameY="0" frameWidth="243" frameHeight="326"/>
	<SubTexture name="GF sad0020" x="248" y="704" width="238" height="326" frameX="-5" frameY="0" frameWidth="243" frameHeight="326"/>
	<SubTexture name="GF sad0021" x="491" y="704" width="238" height="326" frameX="-5" frameY="0" frameWidth="243" frameHeight="326"/>
	<SubTexture name="GF sad0022" x="491" y="704" width="238" height="326" frameX="-5" frameY="0" frameWidth="243" frameHeight="326"/>
	<SubTexture name="GF sad0023" x="491" y="704" width="238" height="326" frameX="-5" frameY="0" frameWidth="243" frameHeight="326"/>
	<SubTexture name="GF sad0024" x="491" y="704" width="238" height="326" frameX="-5" frameY="0" frameWidth="243" frameHeight="326"/>
	<SubTexture name="GF sad0025" x="491" y="704" width="238" height="326" frameX="-5" frameY="0" frameWidth="243" frameHeight="326"/>
	<SubTexture name="GF sad0026" x="734" y="704" width="238" height="326" frameX="-5" frameY="0" frameWidth="243" frameHeight="326"/>
	<SubTexture name="GF sad0027" x="734" y="704" width="238" height="326" frameX="-5" frameY="0" frameWidth="243" frameHeight="326"/>
	<SubTexture name="GF sad0028" x="734" y="704" width="238" height="326" frameX="-5" frameY="0" frameWidth="243" frameHeight="326"/>
	<SubTexture name="GF sad0029" x="734" y="704" width="238" height="326" frameX="-5" frameY="0" frameWidth="243" frameHeight="326"/>
	<SubTexture name="GF sad0030" x="734" y="704" width="238" height="326" frameX="-5" frameY="0" frameWidth="243" frameHeight="326"/>
	<SubTexture name="GF sad0031" x="734" y="704" width="238" height="326" frameX="-5" frameY="0" frameWidth="243" frameHeight="326"/>
	<SubTexture name="GF sad0032" x="734" y="704" width="238" height="326" frameX="-5" frameY="0" frameWidth="243" frameHeight="326"/>
	<SubTexture name="GF sad0033" x="734" y="704" width="238" height="326" frameX="-5" frameY="0" frameWidth="243" frameHeight="326"/>
	<SubTexture name="GF sad0034" x="734" y="704" width="238" height="326" frameX="-5" frameY="0" frameWidth="243" frameHeight="326"/>
	<SubTexture name="GF sad0035" x="734" y="704" width="238" height="326" frameX="-5" frameY="0" frameWidth="243" frameHeight="326"/>
	<SubTexture name="GF sad0036" x="734" y="704" width="238" height="326" frameX="-5" frameY="0" frameWidth="243" frameHeight="326"/>
	<SubTexture name="GF sad0037" x="734" y="704" width="238" height="326" frameX="-5" frameY="0" frameWidth="243" frameHeight="326"/>
	<SubTexture name="GF sad0038" x="734" y="704" width="238" height="326" frameX="-5" frameY="0" frameWidth="243" frameHeight="326"/>
	<SubTexture name="GF sad0039" x="734" y="704" width="238" height="326" frameX="-5" frameY="0" frameWidth="243" frameHeight="326"/>
	<SubTexture name="GF sad0040" x="734" y="704" width="238" height="326" frameX="-5" frameY="0" frameWidth="243" frameHeight="326"/>
	<SubTexture name="GF sad0041" x="734" y="704" width="238" height="326" frameX="-5" frameY="0" frameWidth="243" frameHeight="326"/>
	<SubTexture name="GF sad0042" x="734" y="704" width="238" height="326" frameX="-5" frameY="0" frameWidth="243" frameHeight="326"/>
	<SubTexture name="GF sad0043" x="734" y="704" width="238" height="326" frameX="-5" frameY="0" frameWidth="243" frameHeight="326"/>
	<SubTexture name="GF sad0044" x="734" y="704" width="238" height="326" frameX="-5" frameY="0" frameWidth="243" frameHeight="326"/>
	<SubTexture name="GF sad0045" x="734" y="704" width="238" height="326" frameX="-5" frameY="0" frameWidth="243" frameHeight="326"/>
	<SubTexture name="GF sad0046" x="734" y="704" width="238" height="326" frameX="-5" frameY="0" frameWidth="243" frameHeight="326"/>
	<SubTexture name="GF sad0047" x="734" y="704" width="238" height="326" frameX="-5" frameY="0" frameWidth="243" frameHeight="326"/>
	<SubTexture name="GF sad0048" x="734" y="704" width="238" height="326" frameX="-5" frameY="0" frameWidth="243" frameHeight="326"/>
	<SubTexture name="GF sad0049" x="734" y="704" width="238" height="326" frameX="-5" frameY="0" frameWidth="243" frameHeight="326"/>
	<SubTexture name="GF sad0050" x="734" y="704" width="238" height="326" frameX="-5" frameY="0" frameWidth="243" frameHeight="326"/>
	<SubTexture name="GF sad0051" x="734" y="704" width="238" height="326" frameX="-5" frameY="0" frameWidth="243" frameHeight="326"/>
	<SubTexture name="GF sad0052" x="734" y="704" width="238" height="326" frameX="-5" frameY="0" frameWidth="243" frameHeight="326"/>
</TextureAtlas>
