﻿<?xml version="1.0" encoding="utf-8"?>
<TextureAtlas imagePath="Pico_FNF_assetss.png">
	<!-- Created with Adobe Animate version 21.0.1.37179 -->
	<!-- http://www.adobe.com/products/animate.html -->
	<SubTexture name="Pico Brups0000" x="5" y="5" width="424" height="468" frameX="-3" frameY="-7" frameWidth="464" frameHeight="475"/>
	<SubTexture name="Pico Brups0001" x="434" y="5" width="424" height="468" frameX="-3" frameY="-7" frameWidth="464" frameHeight="475"/>
	<SubTexture name="Pico Brups0002" x="863" y="5" width="428" height="469" frameX="0" frameY="-6" frameWidth="464" frameHeight="475"/>
	<SubTexture name="Pico Brups0003" x="1296" y="5" width="428" height="469" frameX="0" frameY="-6" frameWidth="464" frameHeight="475"/>
	<SubTexture name="Pico Brups0004" x="1729" y="5" width="428" height="469" frameX="0" frameY="-6" frameWidth="464" frameHeight="475"/>
	<SubTexture name="Pico Brups0005" x="2162" y="5" width="432" height="469" frameX="-2" frameY="-6" frameWidth="464" frameHeight="475"/>
	<SubTexture name="Pico Brups0006" x="2599" y="5" width="432" height="469" frameX="-2" frameY="-6" frameWidth="464" frameHeight="475"/>
	<SubTexture name="Pico Brups0007" x="3036" y="5" width="444" height="475" frameX="-17" frameY="0" frameWidth="464" frameHeight="475"/>
	<SubTexture name="Pico Brups0008" x="3036" y="5" width="444" height="475" frameX="-17" frameY="0" frameWidth="464" frameHeight="475"/>
	<SubTexture name="Pico Brups0009" x="3036" y="5" width="444" height="475" frameX="-17" frameY="0" frameWidth="464" frameHeight="475"/>
	<SubTexture name="Pico Brups0010" x="3485" y="5" width="445" height="475" frameX="-19" frameY="0" frameWidth="464" frameHeight="475"/>
	<SubTexture name="Pico Brups0011" x="3485" y="5" width="445" height="475" frameX="-19" frameY="0" frameWidth="464" frameHeight="475"/>
	<SubTexture name="Pico Brups0012" x="3935" y="5" width="445" height="475" frameX="-19" frameY="0" frameWidth="464" frameHeight="475"/>
	<SubTexture name="Pico Brups0013" x="3935" y="5" width="445" height="475" frameX="-19" frameY="0" frameWidth="464" frameHeight="475"/>
	<SubTexture name="Pico Brups0014" x="4385" y="5" width="445" height="475" frameX="-19" frameY="0" frameWidth="464" frameHeight="475"/>
	<SubTexture name="Pico Brups0015" x="4385" y="5" width="445" height="475" frameX="-19" frameY="0" frameWidth="464" frameHeight="475"/>
	<SubTexture name="Pico Brups0016" x="4385" y="5" width="445" height="475" frameX="-19" frameY="0" frameWidth="464" frameHeight="475"/>
	<SubTexture name="Pico Brups0017" x="4385" y="5" width="445" height="475" frameX="-19" frameY="0" frameWidth="464" frameHeight="475"/>
	<SubTexture name="Pico Brups0018" x="4385" y="5" width="445" height="475" frameX="-19" frameY="0" frameWidth="464" frameHeight="475"/>
	<SubTexture name="Pico Brups0019" x="4385" y="5" width="445" height="475" frameX="-19" frameY="0" frameWidth="464" frameHeight="475"/>
	<SubTexture name="Pico Brups0020" x="4385" y="5" width="445" height="475" frameX="-19" frameY="0" frameWidth="464" frameHeight="475"/>
	<SubTexture name="Pico Brups0021" x="4835" y="5" width="445" height="475" frameX="-19" frameY="0" frameWidth="464" frameHeight="475"/>
	<SubTexture name="Pico Brups0022" x="4835" y="5" width="445" height="475" frameX="-19" frameY="0" frameWidth="464" frameHeight="475"/>
	<SubTexture name="Pico Brups0023" x="5285" y="5" width="445" height="475" frameX="-19" frameY="0" frameWidth="464" frameHeight="475"/>
	<SubTexture name="Pico Brups0024" x="5285" y="5" width="445" height="475" frameX="-19" frameY="0" frameWidth="464" frameHeight="475"/>
	<SubTexture name="Pico Down Note0000" x="5735" y="5" width="425" height="423" frameX="0" frameY="-5" frameWidth="425" frameHeight="429"/>
	<SubTexture name="Pico Down Note0001" x="5735" y="5" width="425" height="423" frameX="0" frameY="-5" frameWidth="425" frameHeight="429"/>
	<SubTexture name="Pico Down Note0002" x="6165" y="5" width="412" height="429" frameX="-6" frameY="0" frameWidth="425" frameHeight="429"/>
	<SubTexture name="Pico Down Note0003" x="6165" y="5" width="412" height="429" frameX="-6" frameY="0" frameWidth="425" frameHeight="429"/>
	<SubTexture name="Pico Down Note0004" x="6165" y="5" width="412" height="429" frameX="-6" frameY="0" frameWidth="425" frameHeight="429"/>
	<SubTexture name="Pico Down Note0005" x="6165" y="5" width="412" height="429" frameX="-6" frameY="0" frameWidth="425" frameHeight="429"/>
	<SubTexture name="Pico Down Note0006" x="6165" y="5" width="412" height="429" frameX="-6" frameY="0" frameWidth="425" frameHeight="429"/>
	<SubTexture name="Pico Down Note0007" x="6165" y="5" width="412" height="429" frameX="-6" frameY="0" frameWidth="425" frameHeight="429"/>
	<SubTexture name="Pico Down Note0008" x="6165" y="5" width="412" height="429" frameX="-6" frameY="0" frameWidth="425" frameHeight="429"/>
	<SubTexture name="Pico Down Note0009" x="6165" y="5" width="412" height="429" frameX="-6" frameY="0" frameWidth="425" frameHeight="429"/>
	<SubTexture name="Pico Down Note0010" x="6165" y="5" width="412" height="429" frameX="-6" frameY="0" frameWidth="425" frameHeight="429"/>
	<SubTexture name="Pico Idle Dance0000" x="6582" y="5" width="421" height="460" frameX="-12" frameY="-13" frameWidth="445" frameHeight="475"/>
	<SubTexture name="Pico Idle Dance0001" x="6582" y="5" width="421" height="460" frameX="-12" frameY="-13" frameWidth="445" frameHeight="475"/>
	<SubTexture name="Pico Idle Dance0002" x="7008" y="5" width="425" height="467" frameX="-7" frameY="-7" frameWidth="445" frameHeight="475"/>
	<SubTexture name="Pico Idle Dance0003" x="7008" y="5" width="425" height="467" frameX="-7" frameY="-7" frameWidth="445" frameHeight="475"/>
	<SubTexture name="Pico Idle Dance0004" x="7438" y="5" width="437" height="468" frameX="-1" frameY="-7" frameWidth="445" frameHeight="475"/>
	<SubTexture name="Pico Idle Dance0005" x="7438" y="5" width="437" height="468" frameX="-1" frameY="-7" frameWidth="445" frameHeight="475"/>
	<SubTexture name="Pico Idle Dance0006" x="5" y="485" width="443" height="473" frameX="-1" frameY="-2" frameWidth="445" frameHeight="475"/>
	<SubTexture name="Pico Idle Dance0007" x="5" y="485" width="443" height="473" frameX="-1" frameY="-2" frameWidth="445" frameHeight="475"/>
	<SubTexture name="Pico Idle Dance0008" x="453" y="485" width="445" height="475"/>
	<SubTexture name="Pico Idle Dance0009" x="453" y="485" width="445" height="475"/>
	<SubTexture name="Pico Idle Dance0010" x="453" y="485" width="445" height="475"/>
	<SubTexture name="Pico Idle Dance0011" x="453" y="485" width="445" height="475"/>
	<SubTexture name="Pico Idle Dance0012" x="453" y="485" width="445" height="475"/>
	<SubTexture name="Pico Idle Dance0013" x="453" y="485" width="445" height="475"/>
	<SubTexture name="Pico NOTE LEFT0000" x="903" y="485" width="454" height="462" frameX="0" frameY="-1" frameWidth="454" frameHeight="463"/>
	<SubTexture name="Pico NOTE LEFT0001" x="903" y="485" width="454" height="462" frameX="0" frameY="-1" frameWidth="454" frameHeight="463"/>
	<SubTexture name="Pico NOTE LEFT0002" x="1362" y="485" width="449" height="463" frameX="-5" frameY="0" frameWidth="454" frameHeight="463"/>
	<SubTexture name="Pico NOTE LEFT0003" x="1362" y="485" width="449" height="463" frameX="-5" frameY="0" frameWidth="454" frameHeight="463"/>
	<SubTexture name="Pico NOTE LEFT0004" x="1362" y="485" width="449" height="463" frameX="-5" frameY="0" frameWidth="454" frameHeight="463"/>
	<SubTexture name="Pico NOTE LEFT0005" x="1362" y="485" width="449" height="463" frameX="-5" frameY="0" frameWidth="454" frameHeight="463"/>
	<SubTexture name="Pico NOTE LEFT0006" x="1362" y="485" width="449" height="463" frameX="-5" frameY="0" frameWidth="454" frameHeight="463"/>
	<SubTexture name="Pico NOTE LEFT0007" x="1362" y="485" width="449" height="463" frameX="-5" frameY="0" frameWidth="454" frameHeight="463"/>
	<SubTexture name="Pico NOTE LEFT0008" x="1362" y="485" width="449" height="463" frameX="-5" frameY="0" frameWidth="454" frameHeight="463"/>
	<SubTexture name="Pico NOTE LEFT0009" x="1362" y="485" width="449" height="463" frameX="-5" frameY="0" frameWidth="454" frameHeight="463"/>
	<SubTexture name="Pico NOTE LEFT0010" x="1362" y="485" width="449" height="463" frameX="-5" frameY="0" frameWidth="454" frameHeight="463"/>
	<SubTexture name="Pico NOTE LEFT0011" x="1362" y="485" width="449" height="463" frameX="-5" frameY="0" frameWidth="454" frameHeight="463"/>
	<SubTexture name="Pico NOTE LEFT0012" x="1362" y="485" width="449" height="463" frameX="-5" frameY="0" frameWidth="454" frameHeight="463"/>
	<SubTexture name="Pico NOTE LEFT0013" x="1362" y="485" width="449" height="463" frameX="-5" frameY="0" frameWidth="454" frameHeight="463"/>
	<SubTexture name="Pico NOTE LEFT0014" x="1362" y="485" width="449" height="463" frameX="-5" frameY="0" frameWidth="454" frameHeight="463"/>
	<SubTexture name="Pico NOTE LEFT0015" x="1362" y="485" width="449" height="463" frameX="-5" frameY="0" frameWidth="454" frameHeight="463"/>
	<SubTexture name="Pico NOTE LEFT0016" x="1362" y="485" width="449" height="463" frameX="-5" frameY="0" frameWidth="454" frameHeight="463"/>
	<SubTexture name="Pico Note Right0000" x="1816" y="485" width="443" height="476" frameX="-5" frameY="0" frameWidth="448" frameHeight="476"/>
	<SubTexture name="Pico Note Right0001" x="1816" y="485" width="443" height="476" frameX="-5" frameY="0" frameWidth="448" frameHeight="476"/>
	<SubTexture name="Pico Note Right0002" x="2264" y="485" width="443" height="472" frameX="0" frameY="-4" frameWidth="448" frameHeight="476"/>
	<SubTexture name="Pico Note Right0003" x="2264" y="485" width="443" height="472" frameX="0" frameY="-4" frameWidth="448" frameHeight="476"/>
	<SubTexture name="Pico Note Right0004" x="2264" y="485" width="443" height="472" frameX="0" frameY="-4" frameWidth="448" frameHeight="476"/>
	<SubTexture name="Pico Note Right0005" x="2264" y="485" width="443" height="472" frameX="0" frameY="-4" frameWidth="448" frameHeight="476"/>
	<SubTexture name="Pico Note Right0006" x="2264" y="485" width="443" height="472" frameX="0" frameY="-4" frameWidth="448" frameHeight="476"/>
	<SubTexture name="Pico Note Right0007" x="2264" y="485" width="443" height="472" frameX="0" frameY="-4" frameWidth="448" frameHeight="476"/>
	<SubTexture name="Pico Note Right0008" x="2264" y="485" width="443" height="472" frameX="0" frameY="-4" frameWidth="448" frameHeight="476"/>
	<SubTexture name="Pico Note Right0009" x="2264" y="485" width="443" height="472" frameX="0" frameY="-4" frameWidth="448" frameHeight="476"/>
	<SubTexture name="Pico Note Right0010" x="2264" y="485" width="443" height="472" frameX="0" frameY="-4" frameWidth="448" frameHeight="476"/>
	<SubTexture name="Pico Note Right0011" x="2264" y="485" width="443" height="472" frameX="0" frameY="-4" frameWidth="448" frameHeight="476"/>
	<SubTexture name="Pico Note Right0012" x="2264" y="485" width="443" height="472" frameX="0" frameY="-4" frameWidth="448" frameHeight="476"/>
	<SubTexture name="Pico Note Right0013" x="2264" y="485" width="443" height="472" frameX="0" frameY="-4" frameWidth="448" frameHeight="476"/>
	<SubTexture name="Pico Note Right0014" x="2264" y="485" width="443" height="472" frameX="0" frameY="-4" frameWidth="448" frameHeight="476"/>
	<SubTexture name="Pico Note Right0015" x="2264" y="485" width="443" height="472" frameX="0" frameY="-4" frameWidth="448" frameHeight="476"/>
	<SubTexture name="Pico Note Right0016" x="2264" y="485" width="443" height="472" frameX="0" frameY="-4" frameWidth="448" frameHeight="476"/>
	<SubTexture name="Pico Studies The Bud0000" x="2712" y="485" width="430" height="469" frameX="-32" frameY="-21" frameWidth="486" frameHeight="492"/>
	<SubTexture name="Pico Studies The Bud0001" x="2712" y="485" width="430" height="469" frameX="-32" frameY="-21" frameWidth="486" frameHeight="492"/>
	<SubTexture name="Pico Studies The Bud0002" x="3147" y="485" width="436" height="475" frameX="-34" frameY="-17" frameWidth="486" frameHeight="492"/>
	<SubTexture name="Pico Studies The Bud0003" x="3147" y="485" width="436" height="475" frameX="-34" frameY="-17" frameWidth="486" frameHeight="492"/>
	<SubTexture name="Pico Studies The Bud0004" x="3588" y="485" width="448" height="463" frameX="-38" frameY="-29" frameWidth="486" frameHeight="492"/>
	<SubTexture name="Pico Studies The Bud0005" x="3588" y="485" width="448" height="463" frameX="-38" frameY="-29" frameWidth="486" frameHeight="492"/>
	<SubTexture name="Pico Studies The Bud0006" x="4041" y="485" width="449" height="464" frameX="-31" frameY="-28" frameWidth="486" frameHeight="492"/>
	<SubTexture name="Pico Studies The Bud0007" x="4041" y="485" width="449" height="464" frameX="-31" frameY="-28" frameWidth="486" frameHeight="492"/>
	<SubTexture name="Pico Studies The Bud0008" x="4495" y="485" width="449" height="464" frameX="-31" frameY="-28" frameWidth="486" frameHeight="492"/>
	<SubTexture name="Pico Studies The Bud0009" x="4495" y="485" width="449" height="464" frameX="-31" frameY="-28" frameWidth="486" frameHeight="492"/>
	<SubTexture name="Pico Studies The Bud0010" x="4495" y="485" width="449" height="464" frameX="-31" frameY="-28" frameWidth="486" frameHeight="492"/>
	<SubTexture name="Pico Studies The Bud0011" x="4949" y="485" width="449" height="464" frameX="-31" frameY="-28" frameWidth="486" frameHeight="492"/>
	<SubTexture name="Pico Studies The Bud0012" x="5403" y="485" width="449" height="464" frameX="-31" frameY="-28" frameWidth="486" frameHeight="492"/>
	<SubTexture name="Pico Studies The Bud0013" x="5857" y="485" width="449" height="464" frameX="-31" frameY="-28" frameWidth="486" frameHeight="492"/>
	<SubTexture name="Pico Studies The Bud0014" x="6311" y="485" width="449" height="464" frameX="-31" frameY="-28" frameWidth="486" frameHeight="492"/>
	<SubTexture name="Pico Studies The Bud0015" x="6311" y="485" width="449" height="464" frameX="-31" frameY="-28" frameWidth="486" frameHeight="492"/>
	<SubTexture name="Pico Studies The Bud0016" x="6765" y="485" width="449" height="464" frameX="-31" frameY="-28" frameWidth="486" frameHeight="492"/>
	<SubTexture name="Pico Studies The Bud0017" x="6765" y="485" width="449" height="464" frameX="-31" frameY="-28" frameWidth="486" frameHeight="492"/>
	<SubTexture name="Pico Studies The Bud0018" x="5857" y="485" width="449" height="464" frameX="-31" frameY="-28" frameWidth="486" frameHeight="492"/>
	<SubTexture name="Pico Studies The Bud0019" x="5857" y="485" width="449" height="464" frameX="-31" frameY="-28" frameWidth="486" frameHeight="492"/>
	<SubTexture name="Pico Studies The Bud0020" x="7219" y="485" width="449" height="464" frameX="-31" frameY="-28" frameWidth="486" frameHeight="492"/>
	<SubTexture name="Pico Studies The Bud0021" x="7219" y="485" width="449" height="464" frameX="-31" frameY="-28" frameWidth="486" frameHeight="492"/>
	<SubTexture name="Pico Studies The Bud0022" x="7673" y="485" width="449" height="464" frameX="-31" frameY="-28" frameWidth="486" frameHeight="492"/>
	<SubTexture name="Pico Studies The Bud0023" x="7673" y="485" width="449" height="464" frameX="-31" frameY="-28" frameWidth="486" frameHeight="492"/>
	<SubTexture name="Pico Studies The Bud0024" x="6765" y="485" width="449" height="464" frameX="-31" frameY="-28" frameWidth="486" frameHeight="492"/>
	<SubTexture name="Pico Studies The Bud0025" x="5857" y="485" width="449" height="464" frameX="-31" frameY="-28" frameWidth="486" frameHeight="492"/>
	<SubTexture name="Pico Studies The Bud0026" x="7673" y="485" width="449" height="464" frameX="-31" frameY="-28" frameWidth="486" frameHeight="492"/>
	<SubTexture name="Pico Studies The Bud0027" x="6765" y="485" width="449" height="464" frameX="-31" frameY="-28" frameWidth="486" frameHeight="492"/>
	<SubTexture name="Pico Studies The Bud0028" x="5857" y="485" width="449" height="464" frameX="-31" frameY="-28" frameWidth="486" frameHeight="492"/>
	<SubTexture name="Pico Studies The Bud0029" x="7673" y="485" width="449" height="464" frameX="-31" frameY="-28" frameWidth="486" frameHeight="492"/>
	<SubTexture name="Pico Studies The Bud0030" x="4949" y="485" width="449" height="464" frameX="-31" frameY="-28" frameWidth="486" frameHeight="492"/>
	<SubTexture name="Pico Studies The Bud0031" x="4949" y="485" width="449" height="464" frameX="-31" frameY="-28" frameWidth="486" frameHeight="492"/>
	<SubTexture name="Pico Studies The Bud0032" x="4041" y="485" width="449" height="464" frameX="-31" frameY="-28" frameWidth="486" frameHeight="492"/>
	<SubTexture name="Pico Studies The Bud0033" x="4041" y="485" width="449" height="464" frameX="-31" frameY="-28" frameWidth="486" frameHeight="492"/>
	<SubTexture name="Pico Studies The Bud0034" x="5" y="966" width="442" height="467" frameX="-31" frameY="-25" frameWidth="486" frameHeight="492"/>
	<SubTexture name="Pico Studies The Bud0035" x="5" y="966" width="442" height="467" frameX="-31" frameY="-25" frameWidth="486" frameHeight="492"/>
	<SubTexture name="Pico Studies The Bud0036" x="452" y="966" width="427" height="473" frameX="-31" frameY="-19" frameWidth="486" frameHeight="492"/>
	<SubTexture name="Pico Studies The Bud0037" x="452" y="966" width="427" height="473" frameX="-31" frameY="-19" frameWidth="486" frameHeight="492"/>
	<SubTexture name="Pico Studies The Bud0038" x="884" y="966" width="432" height="472" frameX="-31" frameY="-20" frameWidth="486" frameHeight="492"/>
	<SubTexture name="Pico Studies The Bud0039" x="884" y="966" width="432" height="472" frameX="-31" frameY="-20" frameWidth="486" frameHeight="492"/>
	<SubTexture name="Pico Studies The Bud0040" x="1321" y="966" width="432" height="472" frameX="-31" frameY="-20" frameWidth="486" frameHeight="492"/>
	<SubTexture name="Pico Studies The Bud0041" x="1321" y="966" width="432" height="472" frameX="-31" frameY="-20" frameWidth="486" frameHeight="492"/>
	<SubTexture name="Pico Studies The Bud0042" x="1758" y="966" width="432" height="472" frameX="-31" frameY="-20" frameWidth="486" frameHeight="492"/>
	<SubTexture name="Pico Studies The Bud0043" x="1758" y="966" width="432" height="472" frameX="-31" frameY="-20" frameWidth="486" frameHeight="492"/>
	<SubTexture name="Pico Studies The Bud0044" x="2195" y="966" width="432" height="472" frameX="-31" frameY="-20" frameWidth="486" frameHeight="492"/>
	<SubTexture name="Pico Studies The Bud0045" x="2195" y="966" width="432" height="472" frameX="-31" frameY="-20" frameWidth="486" frameHeight="492"/>
	<SubTexture name="Pico Studies The Bud0046" x="2195" y="966" width="432" height="472" frameX="-31" frameY="-20" frameWidth="486" frameHeight="492"/>
	<SubTexture name="Pico Studies The Bud0047" x="2195" y="966" width="432" height="472" frameX="-31" frameY="-20" frameWidth="486" frameHeight="492"/>
	<SubTexture name="Pico Studies The Bud0048" x="2195" y="966" width="432" height="472" frameX="-31" frameY="-20" frameWidth="486" frameHeight="492"/>
	<SubTexture name="Pico Studies The Bud0049" x="2195" y="966" width="432" height="472" frameX="-31" frameY="-20" frameWidth="486" frameHeight="492"/>
	<SubTexture name="Pico Studies The Bud0050" x="2632" y="966" width="452" height="492" frameX="-31" frameY="0" frameWidth="486" frameHeight="492"/>
	<SubTexture name="Pico Studies The Bud0051" x="2195" y="966" width="432" height="472" frameX="-31" frameY="-20" frameWidth="486" frameHeight="492"/>
	<SubTexture name="Pico Studies The Bud0052" x="2195" y="966" width="432" height="472" frameX="-31" frameY="-20" frameWidth="486" frameHeight="492"/>
	<SubTexture name="Pico Studies The Bud0053" x="2195" y="966" width="432" height="472" frameX="-31" frameY="-20" frameWidth="486" frameHeight="492"/>
	<SubTexture name="Pico Studies The Bud0054" x="2195" y="966" width="432" height="472" frameX="-31" frameY="-20" frameWidth="486" frameHeight="492"/>
	<SubTexture name="Pico Studies The Bud0055" x="884" y="966" width="432" height="472" frameX="-31" frameY="-20" frameWidth="486" frameHeight="492"/>
	<SubTexture name="Pico Studies The Bud0056" x="1321" y="966" width="432" height="472" frameX="-31" frameY="-20" frameWidth="486" frameHeight="492"/>
	<SubTexture name="Pico Studies The Bud0057" x="1321" y="966" width="432" height="472" frameX="-31" frameY="-20" frameWidth="486" frameHeight="492"/>
	<SubTexture name="Pico Studies The Bud0058" x="1758" y="966" width="432" height="472" frameX="-31" frameY="-20" frameWidth="486" frameHeight="492"/>
	<SubTexture name="Pico Studies The Bud0059" x="3089" y="966" width="432" height="472" frameX="-31" frameY="-20" frameWidth="486" frameHeight="492"/>
	<SubTexture name="Pico Studies The Bud0060" x="3089" y="966" width="432" height="472" frameX="-31" frameY="-20" frameWidth="486" frameHeight="492"/>
	<SubTexture name="Pico Studies The Bud0061" x="3526" y="966" width="432" height="472" frameX="-31" frameY="-20" frameWidth="486" frameHeight="492"/>
	<SubTexture name="Pico Studies The Bud0062" x="1758" y="966" width="432" height="472" frameX="-31" frameY="-20" frameWidth="486" frameHeight="492"/>
	<SubTexture name="Pico Studies The Bud0063" x="3963" y="966" width="432" height="472" frameX="-31" frameY="-20" frameWidth="486" frameHeight="492"/>
	<SubTexture name="Pico Studies The Bud0064" x="3963" y="966" width="432" height="472" frameX="-31" frameY="-20" frameWidth="486" frameHeight="492"/>
	<SubTexture name="Pico Studies The Bud0065" x="4400" y="966" width="432" height="472" frameX="-31" frameY="-20" frameWidth="486" frameHeight="492"/>
	<SubTexture name="Pico Studies The Bud0066" x="4400" y="966" width="432" height="472" frameX="-31" frameY="-20" frameWidth="486" frameHeight="492"/>
	<SubTexture name="Pico Studies The Bud0067" x="1321" y="966" width="432" height="472" frameX="-31" frameY="-20" frameWidth="486" frameHeight="492"/>
	<SubTexture name="Pico Studies The Bud0068" x="1321" y="966" width="432" height="472" frameX="-31" frameY="-20" frameWidth="486" frameHeight="492"/>
	<SubTexture name="Pico Studies The Bud0069" x="1758" y="966" width="432" height="472" frameX="-31" frameY="-20" frameWidth="486" frameHeight="492"/>
	<SubTexture name="Pico Studies The Bud0070" x="1758" y="966" width="432" height="472" frameX="-31" frameY="-20" frameWidth="486" frameHeight="492"/>
	<SubTexture name="Pico Studies The Bud0071" x="2195" y="966" width="432" height="472" frameX="-31" frameY="-20" frameWidth="486" frameHeight="492"/>
	<SubTexture name="Pico Studies The Bud0072" x="3089" y="966" width="432" height="472" frameX="-31" frameY="-20" frameWidth="486" frameHeight="492"/>
	<SubTexture name="Pico Studies The Bud0073" x="3089" y="966" width="432" height="472" frameX="-31" frameY="-20" frameWidth="486" frameHeight="492"/>
	<SubTexture name="Pico Studies The Bud0074" x="3526" y="966" width="432" height="472" frameX="-31" frameY="-20" frameWidth="486" frameHeight="492"/>
	<SubTexture name="Pico Studies The Bud0075" x="1758" y="966" width="432" height="472" frameX="-31" frameY="-20" frameWidth="486" frameHeight="492"/>
	<SubTexture name="Pico Studies The Bud0076" x="3089" y="966" width="432" height="472" frameX="-31" frameY="-20" frameWidth="486" frameHeight="492"/>
	<SubTexture name="Pico Studies The Bud0077" x="3526" y="966" width="432" height="472" frameX="-31" frameY="-20" frameWidth="486" frameHeight="492"/>
	<SubTexture name="Pico Studies The Bud0078" x="3526" y="966" width="432" height="472" frameX="-31" frameY="-20" frameWidth="486" frameHeight="492"/>
	<SubTexture name="Pico Studies The Bud0079" x="1758" y="966" width="432" height="472" frameX="-31" frameY="-20" frameWidth="486" frameHeight="492"/>
	<SubTexture name="Pico Studies The Bud0080" x="3089" y="966" width="432" height="472" frameX="-31" frameY="-20" frameWidth="486" frameHeight="492"/>
	<SubTexture name="Pico Studies The Bud0081" x="3089" y="966" width="432" height="472" frameX="-31" frameY="-20" frameWidth="486" frameHeight="492"/>
	<SubTexture name="Pico Studies The Bud0082" x="3526" y="966" width="432" height="472" frameX="-31" frameY="-20" frameWidth="486" frameHeight="492"/>
	<SubTexture name="Pico Studies The Bud0083" x="3526" y="966" width="432" height="472" frameX="-31" frameY="-20" frameWidth="486" frameHeight="492"/>
	<SubTexture name="Pico Studies The Bud0084" x="4837" y="966" width="436" height="471" frameX="-31" frameY="-21" frameWidth="486" frameHeight="492"/>
	<SubTexture name="Pico Studies The Bud0085" x="5278" y="966" width="430" height="472" frameX="-31" frameY="-20" frameWidth="486" frameHeight="492"/>
	<SubTexture name="Pico Studies The Bud0086" x="5713" y="966" width="449" height="466" frameX="0" frameY="-25" frameWidth="486" frameHeight="492"/>
	<SubTexture name="Pico Studies The Bud0087" x="5713" y="966" width="449" height="466" frameX="0" frameY="-25" frameWidth="486" frameHeight="492"/>
	<SubTexture name="Pico Studies The Bud0088" x="6167" y="966" width="439" height="471" frameX="-8" frameY="-21" frameWidth="486" frameHeight="492"/>
	<SubTexture name="Pico Studies The Bud0089" x="6167" y="966" width="439" height="471" frameX="-8" frameY="-21" frameWidth="486" frameHeight="492"/>
	<SubTexture name="Pico Studies The Bud0090" x="6611" y="966" width="439" height="471" frameX="-8" frameY="-21" frameWidth="486" frameHeight="492"/>
	<SubTexture name="Pico Studies The Bud0091" x="6611" y="966" width="439" height="471" frameX="-8" frameY="-21" frameWidth="486" frameHeight="492"/>
	<SubTexture name="Pico Studies The Bud0092" x="7055" y="966" width="439" height="471" frameX="-8" frameY="-21" frameWidth="486" frameHeight="492"/>
	<SubTexture name="Pico Studies The Bud0093" x="7499" y="966" width="439" height="471" frameX="-8" frameY="-21" frameWidth="486" frameHeight="492"/>
	<SubTexture name="Pico Studies The Bud0094" x="7499" y="966" width="439" height="471" frameX="-8" frameY="-21" frameWidth="486" frameHeight="492"/>
	<SubTexture name="Pico Studies The Bud0095" x="5" y="1463" width="439" height="471" frameX="-8" frameY="-21" frameWidth="486" frameHeight="492"/>
	<SubTexture name="Pico Studies The Bud0096" x="5" y="1463" width="439" height="471" frameX="-8" frameY="-21" frameWidth="486" frameHeight="492"/>
	<SubTexture name="Pico Studies The Bud0097" x="5" y="1463" width="439" height="471" frameX="-8" frameY="-21" frameWidth="486" frameHeight="492"/>
	<SubTexture name="Pico Studies The Bud0098" x="5" y="1463" width="439" height="471" frameX="-8" frameY="-21" frameWidth="486" frameHeight="492"/>
	<SubTexture name="Pico Studies The Bud0099" x="5" y="1463" width="439" height="471" frameX="-8" frameY="-21" frameWidth="486" frameHeight="492"/>
	<SubTexture name="Pico Studies The Bud0100" x="5" y="1463" width="439" height="471" frameX="-8" frameY="-21" frameWidth="486" frameHeight="492"/>
	<SubTexture name="Pico Studies The Bud0101" x="5" y="1463" width="439" height="471" frameX="-8" frameY="-21" frameWidth="486" frameHeight="492"/>
	<SubTexture name="Pico Studies The Bud0102" x="5" y="1463" width="439" height="471" frameX="-8" frameY="-21" frameWidth="486" frameHeight="492"/>
	<SubTexture name="Pico Studies The Bud0103" x="5" y="1463" width="439" height="471" frameX="-8" frameY="-21" frameWidth="486" frameHeight="492"/>
	<SubTexture name="Pico Studies The Bud0104" x="5" y="1463" width="439" height="471" frameX="-8" frameY="-21" frameWidth="486" frameHeight="492"/>
	<SubTexture name="Pico Studies The Bud0105" x="5" y="1463" width="439" height="471" frameX="-8" frameY="-21" frameWidth="486" frameHeight="492"/>
	<SubTexture name="Pico Studies The Bud0106" x="5" y="1463" width="439" height="471" frameX="-8" frameY="-21" frameWidth="486" frameHeight="492"/>
	<SubTexture name="Pico Studies The Bud0107" x="5" y="1463" width="439" height="471" frameX="-8" frameY="-21" frameWidth="486" frameHeight="492"/>
	<SubTexture name="Pico Studies The Bud0108" x="5" y="1463" width="439" height="471" frameX="-8" frameY="-21" frameWidth="486" frameHeight="492"/>
	<SubTexture name="Pico Studies The Bud0109" x="449" y="1463" width="439" height="469" frameX="-8" frameY="-23" frameWidth="486" frameHeight="492"/>
	<SubTexture name="Pico Studies The Bud0110" x="449" y="1463" width="439" height="469" frameX="-8" frameY="-23" frameWidth="486" frameHeight="492"/>
	<SubTexture name="Pico Studies The Bud0111" x="893" y="1463" width="439" height="470" frameX="-8" frameY="-22" frameWidth="486" frameHeight="492"/>
	<SubTexture name="Pico Studies The Bud0112" x="893" y="1463" width="439" height="470" frameX="-8" frameY="-22" frameWidth="486" frameHeight="492"/>
	<SubTexture name="Pico Studies The Bud0113" x="5" y="1463" width="439" height="471" frameX="-8" frameY="-21" frameWidth="486" frameHeight="492"/>
	<SubTexture name="Pico Studies The Bud0114" x="5" y="1463" width="439" height="471" frameX="-8" frameY="-21" frameWidth="486" frameHeight="492"/>
	<SubTexture name="Pico Studies The Bud0115" x="449" y="1463" width="439" height="469" frameX="-8" frameY="-23" frameWidth="486" frameHeight="492"/>
	<SubTexture name="Pico Studies The Bud0116" x="449" y="1463" width="439" height="469" frameX="-8" frameY="-23" frameWidth="486" frameHeight="492"/>
	<SubTexture name="Pico Studies The Bud0117" x="893" y="1463" width="439" height="470" frameX="-8" frameY="-22" frameWidth="486" frameHeight="492"/>
	<SubTexture name="Pico Studies The Bud0118" x="893" y="1463" width="439" height="470" frameX="-8" frameY="-22" frameWidth="486" frameHeight="492"/>
	<SubTexture name="Pico Studies The Bud0119" x="5" y="1463" width="439" height="471" frameX="-8" frameY="-21" frameWidth="486" frameHeight="492"/>
	<SubTexture name="Pico Studies The Bud0120" x="5" y="1463" width="439" height="471" frameX="-8" frameY="-21" frameWidth="486" frameHeight="492"/>
	<SubTexture name="Pico Studies The Bud0121" x="5" y="1463" width="439" height="471" frameX="-8" frameY="-21" frameWidth="486" frameHeight="492"/>
	<SubTexture name="Pico Studies The Bud0122" x="5" y="1463" width="439" height="471" frameX="-8" frameY="-21" frameWidth="486" frameHeight="492"/>
	<SubTexture name="Pico Studies The Bud0123" x="5" y="1463" width="439" height="471" frameX="-8" frameY="-21" frameWidth="486" frameHeight="492"/>
	<SubTexture name="Pico Studies The Bud0124" x="5" y="1463" width="439" height="471" frameX="-8" frameY="-21" frameWidth="486" frameHeight="492"/>
	<SubTexture name="Pico Studies The Bud0125" x="5" y="1463" width="439" height="471" frameX="-8" frameY="-21" frameWidth="486" frameHeight="492"/>
	<SubTexture name="Pico Studies The Bud0126" x="5" y="1463" width="439" height="471" frameX="-8" frameY="-21" frameWidth="486" frameHeight="492"/>
	<SubTexture name="Pico Studies The Bud0127" x="5" y="1463" width="439" height="471" frameX="-8" frameY="-21" frameWidth="486" frameHeight="492"/>
	<SubTexture name="Pico Studies The Bud0128" x="5" y="1463" width="439" height="471" frameX="-8" frameY="-21" frameWidth="486" frameHeight="492"/>
	<SubTexture name="Pico Studies The Bud0129" x="5" y="1463" width="439" height="471" frameX="-8" frameY="-21" frameWidth="486" frameHeight="492"/>
	<SubTexture name="Pico Studies The Bud0130" x="5" y="1463" width="439" height="471" frameX="-8" frameY="-21" frameWidth="486" frameHeight="492"/>
	<SubTexture name="Pico Studies The Bud0131" x="5" y="1463" width="439" height="471" frameX="-8" frameY="-21" frameWidth="486" frameHeight="492"/>
	<SubTexture name="Pico Studies The Bud0132" x="1337" y="1463" width="439" height="471" frameX="-8" frameY="-21" frameWidth="486" frameHeight="492"/>
	<SubTexture name="Pico Studies The Bud0133" x="1337" y="1463" width="439" height="471" frameX="-8" frameY="-21" frameWidth="486" frameHeight="492"/>
	<SubTexture name="Pico Studies The Bud0134" x="1781" y="1463" width="439" height="471" frameX="-8" frameY="-21" frameWidth="486" frameHeight="492"/>
	<SubTexture name="Pico Studies The Bud0135" x="1781" y="1463" width="439" height="471" frameX="-8" frameY="-21" frameWidth="486" frameHeight="492"/>
	<SubTexture name="Pico Studies The Bud0136" x="2225" y="1463" width="439" height="471" frameX="-8" frameY="-21" frameWidth="486" frameHeight="492"/>
	<SubTexture name="Pico Studies The Bud0137" x="2225" y="1463" width="439" height="471" frameX="-8" frameY="-21" frameWidth="486" frameHeight="492"/>
	<SubTexture name="Pico Studies The Bud0138" x="2225" y="1463" width="439" height="471" frameX="-8" frameY="-21" frameWidth="486" frameHeight="492"/>
	<SubTexture name="Pico Studies The Bud0139" x="2225" y="1463" width="439" height="471" frameX="-8" frameY="-21" frameWidth="486" frameHeight="492"/>
	<SubTexture name="Pico Studies The Bud0140" x="2225" y="1463" width="439" height="471" frameX="-8" frameY="-21" frameWidth="486" frameHeight="492"/>
	<SubTexture name="Pico Studies The Bud0141" x="2225" y="1463" width="439" height="471" frameX="-8" frameY="-21" frameWidth="486" frameHeight="492"/>
	<SubTexture name="Pico Studies The Bud0142" x="2225" y="1463" width="439" height="471" frameX="-8" frameY="-21" frameWidth="486" frameHeight="492"/>
	<SubTexture name="Pico Studies The Bud0143" x="2225" y="1463" width="439" height="471" frameX="-8" frameY="-21" frameWidth="486" frameHeight="492"/>
	<SubTexture name="Pico Studies The Bud0144" x="2225" y="1463" width="439" height="471" frameX="-8" frameY="-21" frameWidth="486" frameHeight="492"/>
	<SubTexture name="Pico Studies The Bud0145" x="2225" y="1463" width="439" height="471" frameX="-8" frameY="-21" frameWidth="486" frameHeight="492"/>
	<SubTexture name="Pico Studies The Bud0146" x="2225" y="1463" width="439" height="471" frameX="-8" frameY="-21" frameWidth="486" frameHeight="492"/>
	<SubTexture name="Pico Studies The Bud0147" x="2225" y="1463" width="439" height="471" frameX="-8" frameY="-21" frameWidth="486" frameHeight="492"/>
	<SubTexture name="Pico Studies The Bud0148" x="2225" y="1463" width="439" height="471" frameX="-8" frameY="-21" frameWidth="486" frameHeight="492"/>
	<SubTexture name="Pico Studies The Bud0149" x="2225" y="1463" width="439" height="471" frameX="-8" frameY="-21" frameWidth="486" frameHeight="492"/>
	<SubTexture name="Pico Studies The Bud0150" x="2225" y="1463" width="439" height="471" frameX="-8" frameY="-21" frameWidth="486" frameHeight="492"/>
	<SubTexture name="Pico Studies The Bud0151" x="2225" y="1463" width="439" height="471" frameX="-8" frameY="-21" frameWidth="486" frameHeight="492"/>
	<SubTexture name="Pico Studies The Bud0152" x="2225" y="1463" width="439" height="471" frameX="-8" frameY="-21" frameWidth="486" frameHeight="492"/>
	<SubTexture name="Pico Studies The Bud0153" x="2225" y="1463" width="439" height="471" frameX="-8" frameY="-21" frameWidth="486" frameHeight="492"/>
	<SubTexture name="Pico Studies The Bud0154" x="2225" y="1463" width="439" height="471" frameX="-8" frameY="-21" frameWidth="486" frameHeight="492"/>
	<SubTexture name="Pico Studies The Bud0155" x="2225" y="1463" width="439" height="471" frameX="-8" frameY="-21" frameWidth="486" frameHeight="492"/>
	<SubTexture name="Pico Studies The Bud0156" x="2225" y="1463" width="439" height="471" frameX="-8" frameY="-21" frameWidth="486" frameHeight="492"/>
	<SubTexture name="Pico Studies The Bud0157" x="2225" y="1463" width="439" height="471" frameX="-8" frameY="-21" frameWidth="486" frameHeight="492"/>
	<SubTexture name="Pico Studies The Bud0158" x="2225" y="1463" width="439" height="471" frameX="-8" frameY="-21" frameWidth="486" frameHeight="492"/>
	<SubTexture name="Pico Studies The Bud0159" x="2225" y="1463" width="439" height="471" frameX="-8" frameY="-21" frameWidth="486" frameHeight="492"/>
	<SubTexture name="Pico Studies The Bud0160" x="2225" y="1463" width="439" height="471" frameX="-8" frameY="-21" frameWidth="486" frameHeight="492"/>
	<SubTexture name="Pico Studies The Bud0161" x="2225" y="1463" width="439" height="471" frameX="-8" frameY="-21" frameWidth="486" frameHeight="492"/>
	<SubTexture name="Pico Studies The Bud0162" x="2225" y="1463" width="439" height="471" frameX="-8" frameY="-21" frameWidth="486" frameHeight="492"/>
	<SubTexture name="Pico Studies The Bud0163" x="2225" y="1463" width="439" height="471" frameX="-8" frameY="-21" frameWidth="486" frameHeight="492"/>
	<SubTexture name="Pico Studies The Bud0164" x="2225" y="1463" width="439" height="471" frameX="-8" frameY="-21" frameWidth="486" frameHeight="492"/>
	<SubTexture name="Pico Studies The Bud0165" x="2225" y="1463" width="439" height="471" frameX="-8" frameY="-21" frameWidth="486" frameHeight="492"/>
	<SubTexture name="Pico Studies The Bud0166" x="2225" y="1463" width="439" height="471" frameX="-8" frameY="-21" frameWidth="486" frameHeight="492"/>
	<SubTexture name="Pico Studies The Bud0167" x="2225" y="1463" width="439" height="471" frameX="-8" frameY="-21" frameWidth="486" frameHeight="492"/>
	<SubTexture name="Pico Studies The Bud0168" x="2225" y="1463" width="439" height="471" frameX="-8" frameY="-21" frameWidth="486" frameHeight="492"/>
	<SubTexture name="Pico Studies The Bud0169" x="2225" y="1463" width="439" height="471" frameX="-8" frameY="-21" frameWidth="486" frameHeight="492"/>
	<SubTexture name="Pico Studies The Bud0170" x="2225" y="1463" width="439" height="471" frameX="-8" frameY="-21" frameWidth="486" frameHeight="492"/>
	<SubTexture name="Pico Studies The Bud0171" x="2225" y="1463" width="439" height="471" frameX="-8" frameY="-21" frameWidth="486" frameHeight="492"/>
	<SubTexture name="Pico Studies The Bud0172" x="2225" y="1463" width="439" height="471" frameX="-8" frameY="-21" frameWidth="486" frameHeight="492"/>
	<SubTexture name="Pico Studies The Bud0173" x="2225" y="1463" width="439" height="471" frameX="-8" frameY="-21" frameWidth="486" frameHeight="492"/>
	<SubTexture name="Pico Studies The Bud0174" x="2225" y="1463" width="439" height="471" frameX="-8" frameY="-21" frameWidth="486" frameHeight="492"/>
	<SubTexture name="Pico Studies The Bud0175" x="2225" y="1463" width="439" height="471" frameX="-8" frameY="-21" frameWidth="486" frameHeight="492"/>
	<SubTexture name="Pico Studies The Bud0176" x="2225" y="1463" width="439" height="471" frameX="-8" frameY="-21" frameWidth="486" frameHeight="492"/>
	<SubTexture name="Pico Studies The Bud0177" x="2225" y="1463" width="439" height="471" frameX="-8" frameY="-21" frameWidth="486" frameHeight="492"/>
	<SubTexture name="Pico Studies The Bud0178" x="2225" y="1463" width="439" height="471" frameX="-8" frameY="-21" frameWidth="486" frameHeight="492"/>
	<SubTexture name="Pico Studies The Bud0179" x="2225" y="1463" width="439" height="471" frameX="-8" frameY="-21" frameWidth="486" frameHeight="492"/>
	<SubTexture name="Pico Studies The Bud0180" x="2225" y="1463" width="439" height="471" frameX="-8" frameY="-21" frameWidth="486" frameHeight="492"/>
	<SubTexture name="Pico Studies The Bud0181" x="2225" y="1463" width="439" height="471" frameX="-8" frameY="-21" frameWidth="486" frameHeight="492"/>
	<SubTexture name="Pico Studies The Bud0182" x="2225" y="1463" width="439" height="471" frameX="-8" frameY="-21" frameWidth="486" frameHeight="492"/>
	<SubTexture name="Pico Studies The Bud0183" x="2225" y="1463" width="439" height="471" frameX="-8" frameY="-21" frameWidth="486" frameHeight="492"/>
	<SubTexture name="Pico Studies The Bud0184" x="2225" y="1463" width="439" height="471" frameX="-8" frameY="-21" frameWidth="486" frameHeight="492"/>
	<SubTexture name="Pico Studies The Bud0185" x="2225" y="1463" width="439" height="471" frameX="-8" frameY="-21" frameWidth="486" frameHeight="492"/>
	<SubTexture name="Pico Studies The Bud0186" x="2225" y="1463" width="439" height="471" frameX="-8" frameY="-21" frameWidth="486" frameHeight="492"/>
	<SubTexture name="Pico Studies The Bud0187" x="2225" y="1463" width="439" height="471" frameX="-8" frameY="-21" frameWidth="486" frameHeight="492"/>
	<SubTexture name="Pico Studies The Bud0188" x="2225" y="1463" width="439" height="471" frameX="-8" frameY="-21" frameWidth="486" frameHeight="492"/>
	<SubTexture name="Pico Studies The Bud0189" x="2225" y="1463" width="439" height="471" frameX="-8" frameY="-21" frameWidth="486" frameHeight="492"/>
	<SubTexture name="Pico Studies The Bud0190" x="2225" y="1463" width="439" height="471" frameX="-8" frameY="-21" frameWidth="486" frameHeight="492"/>
	<SubTexture name="Pico Studies The Bud0191" x="2225" y="1463" width="439" height="471" frameX="-8" frameY="-21" frameWidth="486" frameHeight="492"/>
	<SubTexture name="Pico Studies The Bud0192" x="2225" y="1463" width="439" height="471" frameX="-8" frameY="-21" frameWidth="486" frameHeight="492"/>
	<SubTexture name="Pico Studies The Bud0193" x="2225" y="1463" width="439" height="471" frameX="-8" frameY="-21" frameWidth="486" frameHeight="492"/>
	<SubTexture name="Pico Studies The Bud0194" x="2225" y="1463" width="439" height="471" frameX="-8" frameY="-21" frameWidth="486" frameHeight="492"/>
	<SubTexture name="Pico Studies The Bud0195" x="2225" y="1463" width="439" height="471" frameX="-8" frameY="-21" frameWidth="486" frameHeight="492"/>
	<SubTexture name="Pico Studies The Bud0196" x="2225" y="1463" width="439" height="471" frameX="-8" frameY="-21" frameWidth="486" frameHeight="492"/>
	<SubTexture name="Pico Studies The Bud0197" x="2225" y="1463" width="439" height="471" frameX="-8" frameY="-21" frameWidth="486" frameHeight="492"/>
	<SubTexture name="Pico Studies The Bud0198" x="2225" y="1463" width="439" height="471" frameX="-8" frameY="-21" frameWidth="486" frameHeight="492"/>
	<SubTexture name="Pico Studies The Bud0199" x="2225" y="1463" width="439" height="471" frameX="-8" frameY="-21" frameWidth="486" frameHeight="492"/>
	<SubTexture name="Pico Studies The Bud0200" x="2225" y="1463" width="439" height="471" frameX="-8" frameY="-21" frameWidth="486" frameHeight="492"/>
	<SubTexture name="Pico Studies The Bud0201" x="2225" y="1463" width="439" height="471" frameX="-8" frameY="-21" frameWidth="486" frameHeight="492"/>
	<SubTexture name="Pico Studies The Bud0202" x="2225" y="1463" width="439" height="471" frameX="-8" frameY="-21" frameWidth="486" frameHeight="492"/>
	<SubTexture name="Pico Studies The Bud0203" x="2225" y="1463" width="439" height="471" frameX="-8" frameY="-21" frameWidth="486" frameHeight="492"/>
	<SubTexture name="Pico Studies The Bud0204" x="2225" y="1463" width="439" height="471" frameX="-8" frameY="-21" frameWidth="486" frameHeight="492"/>
	<SubTexture name="Pico Studies The Bud0205" x="2225" y="1463" width="439" height="471" frameX="-8" frameY="-21" frameWidth="486" frameHeight="492"/>
	<SubTexture name="Pico Studies The Bud0206" x="2225" y="1463" width="439" height="471" frameX="-8" frameY="-21" frameWidth="486" frameHeight="492"/>
	<SubTexture name="Pico Studies The Bud0207" x="2225" y="1463" width="439" height="471" frameX="-8" frameY="-21" frameWidth="486" frameHeight="492"/>
	<SubTexture name="Pico Studies The Bud0208" x="2225" y="1463" width="439" height="471" frameX="-8" frameY="-21" frameWidth="486" frameHeight="492"/>
	<SubTexture name="Pico Studies The Bud0209" x="2225" y="1463" width="439" height="471" frameX="-8" frameY="-21" frameWidth="486" frameHeight="492"/>
	<SubTexture name="Pico Studies The Bud0210" x="2225" y="1463" width="439" height="471" frameX="-8" frameY="-21" frameWidth="486" frameHeight="492"/>
	<SubTexture name="Pico Studies The Bud0211" x="2225" y="1463" width="439" height="471" frameX="-8" frameY="-21" frameWidth="486" frameHeight="492"/>
	<SubTexture name="Pico Studies The Bud0212" x="2225" y="1463" width="439" height="471" frameX="-8" frameY="-21" frameWidth="486" frameHeight="492"/>
	<SubTexture name="Pico Studies The Bud0213" x="2225" y="1463" width="439" height="471" frameX="-8" frameY="-21" frameWidth="486" frameHeight="492"/>
	<SubTexture name="Pico Studies The Bud0214" x="2225" y="1463" width="439" height="471" frameX="-8" frameY="-21" frameWidth="486" frameHeight="492"/>
	<SubTexture name="Pico Studies The Bud0215" x="2225" y="1463" width="439" height="471" frameX="-8" frameY="-21" frameWidth="486" frameHeight="492"/>
	<SubTexture name="Pico Studies The Bud0216" x="2225" y="1463" width="439" height="471" frameX="-8" frameY="-21" frameWidth="486" frameHeight="492"/>
	<SubTexture name="Pico Studies The Bud0217" x="2225" y="1463" width="439" height="471" frameX="-8" frameY="-21" frameWidth="486" frameHeight="492"/>
	<SubTexture name="Pico Studies The Bud0218" x="2225" y="1463" width="439" height="471" frameX="-8" frameY="-21" frameWidth="486" frameHeight="492"/>
	<SubTexture name="Pico Studies The Bud0219" x="2225" y="1463" width="439" height="471" frameX="-8" frameY="-21" frameWidth="486" frameHeight="492"/>
	<SubTexture name="Pico smonker0000" x="2669" y="1463" width="434" height="475" frameX="-46" frameY="-10" frameWidth="526" frameHeight="490"/>
	<SubTexture name="Pico smonker0001" x="2669" y="1463" width="434" height="475" frameX="-46" frameY="-10" frameWidth="526" frameHeight="490"/>
	<SubTexture name="Pico smonker0002" x="3108" y="1463" width="475" height="490" frameX="-51" frameY="0" frameWidth="526" frameHeight="490"/>
	<SubTexture name="Pico smonker0003" x="3108" y="1463" width="475" height="490" frameX="-51" frameY="0" frameWidth="526" frameHeight="490"/>
	<SubTexture name="Pico smonker0004" x="3588" y="1463" width="474" height="486" frameX="-48" frameY="-3" frameWidth="526" frameHeight="490"/>
	<SubTexture name="Pico smonker0005" x="3588" y="1463" width="474" height="486" frameX="-48" frameY="-3" frameWidth="526" frameHeight="490"/>
	<SubTexture name="Pico smonker0006" x="4067" y="1463" width="471" height="484" frameX="-48" frameY="-5" frameWidth="526" frameHeight="490"/>
	<SubTexture name="Pico smonker0007" x="4067" y="1463" width="471" height="484" frameX="-48" frameY="-5" frameWidth="526" frameHeight="490"/>
	<SubTexture name="Pico smonker0008" x="4067" y="1463" width="471" height="484" frameX="-48" frameY="-5" frameWidth="526" frameHeight="490"/>
	<SubTexture name="Pico smonker0009" x="4543" y="1463" width="467" height="479" frameX="-49" frameY="-9" frameWidth="526" frameHeight="490"/>
	<SubTexture name="Pico smonker0010" x="4543" y="1463" width="467" height="479" frameX="-49" frameY="-9" frameWidth="526" frameHeight="490"/>
	<SubTexture name="Pico smonker0011" x="4543" y="1463" width="467" height="479" frameX="-49" frameY="-9" frameWidth="526" frameHeight="490"/>
	<SubTexture name="Pico smonker0012" x="4543" y="1463" width="467" height="479" frameX="-49" frameY="-9" frameWidth="526" frameHeight="490"/>
	<SubTexture name="Pico smonker0013" x="4543" y="1463" width="467" height="479" frameX="-49" frameY="-9" frameWidth="526" frameHeight="490"/>
	<SubTexture name="Pico smonker0014" x="4543" y="1463" width="467" height="479" frameX="-49" frameY="-9" frameWidth="526" frameHeight="490"/>
	<SubTexture name="Pico smonker0015" x="4543" y="1463" width="467" height="479" frameX="-49" frameY="-9" frameWidth="526" frameHeight="490"/>
	<SubTexture name="Pico smonker0016" x="4543" y="1463" width="467" height="479" frameX="-49" frameY="-9" frameWidth="526" frameHeight="490"/>
	<SubTexture name="Pico smonker0017" x="4543" y="1463" width="467" height="479" frameX="-49" frameY="-9" frameWidth="526" frameHeight="490"/>
	<SubTexture name="Pico smonker0018" x="4543" y="1463" width="467" height="479" frameX="-49" frameY="-9" frameWidth="526" frameHeight="490"/>
	<SubTexture name="Pico smonker0019" x="4543" y="1463" width="467" height="479" frameX="-49" frameY="-9" frameWidth="526" frameHeight="490"/>
	<SubTexture name="Pico smonker0020" x="4543" y="1463" width="467" height="479" frameX="-49" frameY="-9" frameWidth="526" frameHeight="490"/>
	<SubTexture name="Pico smonker0021" x="4543" y="1463" width="467" height="479" frameX="-49" frameY="-9" frameWidth="526" frameHeight="490"/>
	<SubTexture name="Pico smonker0022" x="4543" y="1463" width="467" height="479" frameX="-49" frameY="-9" frameWidth="526" frameHeight="490"/>
	<SubTexture name="Pico smonker0023" x="4543" y="1463" width="467" height="479" frameX="-49" frameY="-9" frameWidth="526" frameHeight="490"/>
	<SubTexture name="Pico smonker0024" x="4543" y="1463" width="467" height="479" frameX="-49" frameY="-9" frameWidth="526" frameHeight="490"/>
	<SubTexture name="Pico smonker0025" x="4543" y="1463" width="467" height="479" frameX="-49" frameY="-9" frameWidth="526" frameHeight="490"/>
	<SubTexture name="Pico smonker0026" x="4543" y="1463" width="467" height="479" frameX="-49" frameY="-9" frameWidth="526" frameHeight="490"/>
	<SubTexture name="Pico smonker0027" x="4543" y="1463" width="467" height="479" frameX="-49" frameY="-9" frameWidth="526" frameHeight="490"/>
	<SubTexture name="Pico smonker0028" x="4543" y="1463" width="467" height="479" frameX="-49" frameY="-9" frameWidth="526" frameHeight="490"/>
	<SubTexture name="Pico smonker0029" x="4543" y="1463" width="467" height="479" frameX="-49" frameY="-9" frameWidth="526" frameHeight="490"/>
	<SubTexture name="Pico smonker0030" x="4543" y="1463" width="467" height="479" frameX="-49" frameY="-9" frameWidth="526" frameHeight="490"/>
	<SubTexture name="Pico smonker0031" x="4543" y="1463" width="467" height="479" frameX="-49" frameY="-9" frameWidth="526" frameHeight="490"/>
	<SubTexture name="Pico smonker0032" x="4543" y="1463" width="467" height="479" frameX="-49" frameY="-9" frameWidth="526" frameHeight="490"/>
	<SubTexture name="Pico smonker0033" x="4543" y="1463" width="467" height="479" frameX="-49" frameY="-9" frameWidth="526" frameHeight="490"/>
	<SubTexture name="Pico smonker0034" x="4543" y="1463" width="467" height="479" frameX="-49" frameY="-9" frameWidth="526" frameHeight="490"/>
	<SubTexture name="Pico smonker0035" x="5015" y="1463" width="474" height="486" frameX="-48" frameY="-3" frameWidth="526" frameHeight="490"/>
	<SubTexture name="Pico smonker0036" x="5015" y="1463" width="474" height="486" frameX="-48" frameY="-3" frameWidth="526" frameHeight="490"/>
	<SubTexture name="Pico smonker0037" x="5494" y="1463" width="460" height="455" frameX="0" frameY="-34" frameWidth="526" frameHeight="490"/>
	<SubTexture name="Pico smonker0038" x="5494" y="1463" width="460" height="455" frameX="0" frameY="-34" frameWidth="526" frameHeight="490"/>
	<SubTexture name="Pico smonker0039" x="5959" y="1463" width="455" height="460" frameX="-2" frameY="-29" frameWidth="526" frameHeight="490"/>
	<SubTexture name="Pico smonker0040" x="5959" y="1463" width="455" height="460" frameX="-2" frameY="-29" frameWidth="526" frameHeight="490"/>
	<SubTexture name="Pico smonker0041" x="5959" y="1463" width="455" height="460" frameX="-2" frameY="-29" frameWidth="526" frameHeight="490"/>
	<SubTexture name="Pico smonker0042" x="5959" y="1463" width="455" height="460" frameX="-2" frameY="-29" frameWidth="526" frameHeight="490"/>
	<SubTexture name="Pico smonker0043" x="5959" y="1463" width="455" height="460" frameX="-2" frameY="-29" frameWidth="526" frameHeight="490"/>
	<SubTexture name="Pico smonker0044" x="5959" y="1463" width="455" height="460" frameX="-2" frameY="-29" frameWidth="526" frameHeight="490"/>
	<SubTexture name="Pico smonker0045" x="6419" y="1463" width="455" height="460" frameX="-2" frameY="-29" frameWidth="526" frameHeight="490"/>
	<SubTexture name="Pico smonker0046" x="6419" y="1463" width="455" height="460" frameX="-2" frameY="-29" frameWidth="526" frameHeight="490"/>
	<SubTexture name="Pico smonker0047" x="6879" y="1463" width="455" height="460" frameX="-2" frameY="-29" frameWidth="526" frameHeight="490"/>
	<SubTexture name="Pico smonker0048" x="6879" y="1463" width="455" height="460" frameX="-2" frameY="-29" frameWidth="526" frameHeight="490"/>
	<SubTexture name="Pico smonker0049" x="6879" y="1463" width="455" height="460" frameX="-2" frameY="-29" frameWidth="526" frameHeight="490"/>
	<SubTexture name="Pico smonker0050" x="6879" y="1463" width="455" height="460" frameX="-2" frameY="-29" frameWidth="526" frameHeight="490"/>
	<SubTexture name="Pico smonker0051" x="7339" y="1463" width="455" height="460" frameX="-2" frameY="-29" frameWidth="526" frameHeight="490"/>
	<SubTexture name="Pico smonker0052" x="7339" y="1463" width="455" height="460" frameX="-2" frameY="-29" frameWidth="526" frameHeight="490"/>
	<SubTexture name="Pico smonker0053" x="5" y="1958" width="455" height="460" frameX="-2" frameY="-29" frameWidth="526" frameHeight="490"/>
	<SubTexture name="Pico smonker0054" x="5" y="1958" width="455" height="460" frameX="-2" frameY="-29" frameWidth="526" frameHeight="490"/>
	<SubTexture name="Pico smonker0055" x="5" y="1958" width="455" height="460" frameX="-2" frameY="-29" frameWidth="526" frameHeight="490"/>
	<SubTexture name="Pico smonker0056" x="5" y="1958" width="455" height="460" frameX="-2" frameY="-29" frameWidth="526" frameHeight="490"/>
	<SubTexture name="Pico smonker0057" x="5" y="1958" width="455" height="460" frameX="-2" frameY="-29" frameWidth="526" frameHeight="490"/>
	<SubTexture name="Pico smonker0058" x="5" y="1958" width="455" height="460" frameX="-2" frameY="-29" frameWidth="526" frameHeight="490"/>
	<SubTexture name="Pico smonker0059" x="5" y="1958" width="455" height="460" frameX="-2" frameY="-29" frameWidth="526" frameHeight="490"/>
	<SubTexture name="Pico smonker0060" x="5" y="1958" width="455" height="460" frameX="-2" frameY="-29" frameWidth="526" frameHeight="490"/>
	<SubTexture name="Pico smonker0061" x="5" y="1958" width="455" height="460" frameX="-2" frameY="-29" frameWidth="526" frameHeight="490"/>
	<SubTexture name="Pico smonker0062" x="5" y="1958" width="455" height="460" frameX="-2" frameY="-29" frameWidth="526" frameHeight="490"/>
	<SubTexture name="Pico smonker0063" x="5" y="1958" width="455" height="460" frameX="-2" frameY="-29" frameWidth="526" frameHeight="490"/>
	<SubTexture name="Pico smonker0064" x="5" y="1958" width="455" height="460" frameX="-2" frameY="-29" frameWidth="526" frameHeight="490"/>
	<SubTexture name="Pico smonker0065" x="5" y="1958" width="455" height="460" frameX="-2" frameY="-29" frameWidth="526" frameHeight="490"/>
	<SubTexture name="Pico smonker0066" x="5" y="1958" width="455" height="460" frameX="-2" frameY="-29" frameWidth="526" frameHeight="490"/>
	<SubTexture name="Pico smonker0067" x="5" y="1958" width="455" height="460" frameX="-2" frameY="-29" frameWidth="526" frameHeight="490"/>
	<SubTexture name="Pico smonker0068" x="5" y="1958" width="455" height="460" frameX="-2" frameY="-29" frameWidth="526" frameHeight="490"/>
	<SubTexture name="Pico smonker0069" x="5" y="1958" width="455" height="460" frameX="-2" frameY="-29" frameWidth="526" frameHeight="490"/>
	<SubTexture name="Pico smonker0070" x="5" y="1958" width="455" height="460" frameX="-2" frameY="-29" frameWidth="526" frameHeight="490"/>
	<SubTexture name="Pico smonker0071" x="5" y="1958" width="455" height="460" frameX="-2" frameY="-29" frameWidth="526" frameHeight="490"/>
	<SubTexture name="Pico smonker0072" x="465" y="1958" width="455" height="460" frameX="-2" frameY="-29" frameWidth="526" frameHeight="490"/>
	<SubTexture name="Pico smonker0073" x="465" y="1958" width="455" height="460" frameX="-2" frameY="-29" frameWidth="526" frameHeight="490"/>
	<SubTexture name="Pico smonker0074" x="925" y="1958" width="455" height="460" frameX="-2" frameY="-29" frameWidth="526" frameHeight="490"/>
	<SubTexture name="Pico smonker0075" x="925" y="1958" width="455" height="460" frameX="-2" frameY="-29" frameWidth="526" frameHeight="490"/>
	<SubTexture name="Pico smonker0076" x="1385" y="1958" width="455" height="460" frameX="-2" frameY="-29" frameWidth="526" frameHeight="490"/>
	<SubTexture name="Pico smonker0077" x="1385" y="1958" width="455" height="460" frameX="-2" frameY="-29" frameWidth="526" frameHeight="490"/>
	<SubTexture name="Pico smonker0078" x="1385" y="1958" width="455" height="460" frameX="-2" frameY="-29" frameWidth="526" frameHeight="490"/>
	<SubTexture name="Pico smonker0079" x="1385" y="1958" width="455" height="460" frameX="-2" frameY="-29" frameWidth="526" frameHeight="490"/>
	<SubTexture name="Pico smonker0080" x="1385" y="1958" width="455" height="460" frameX="-2" frameY="-29" frameWidth="526" frameHeight="490"/>
	<SubTexture name="Pico smonker0081" x="1385" y="1958" width="455" height="460" frameX="-2" frameY="-29" frameWidth="526" frameHeight="490"/>
	<SubTexture name="Pico smonker0082" x="1385" y="1958" width="455" height="460" frameX="-2" frameY="-29" frameWidth="526" frameHeight="490"/>
	<SubTexture name="Pico smonker0083" x="1385" y="1958" width="455" height="460" frameX="-2" frameY="-29" frameWidth="526" frameHeight="490"/>
	<SubTexture name="Pico smonker0084" x="1385" y="1958" width="455" height="460" frameX="-2" frameY="-29" frameWidth="526" frameHeight="490"/>
	<SubTexture name="Pico smonker0085" x="1385" y="1958" width="455" height="460" frameX="-2" frameY="-29" frameWidth="526" frameHeight="490"/>
	<SubTexture name="Pico smonker0086" x="1385" y="1958" width="455" height="460" frameX="-2" frameY="-29" frameWidth="526" frameHeight="490"/>
	<SubTexture name="Pico smonker0087" x="1385" y="1958" width="455" height="460" frameX="-2" frameY="-29" frameWidth="526" frameHeight="490"/>
	<SubTexture name="Pico smonker0088" x="1385" y="1958" width="455" height="460" frameX="-2" frameY="-29" frameWidth="526" frameHeight="490"/>
	<SubTexture name="Pico smonker0089" x="1385" y="1958" width="455" height="460" frameX="-2" frameY="-29" frameWidth="526" frameHeight="490"/>
	<SubTexture name="Pico smonker0090" x="1385" y="1958" width="455" height="460" frameX="-2" frameY="-29" frameWidth="526" frameHeight="490"/>
	<SubTexture name="Pico smonker0091" x="1385" y="1958" width="455" height="460" frameX="-2" frameY="-29" frameWidth="526" frameHeight="490"/>
	<SubTexture name="Pico smonker0092" x="1385" y="1958" width="455" height="460" frameX="-2" frameY="-29" frameWidth="526" frameHeight="490"/>
	<SubTexture name="Pico smonker0093" x="1385" y="1958" width="455" height="460" frameX="-2" frameY="-29" frameWidth="526" frameHeight="490"/>
	<SubTexture name="Pico smonker0094" x="1385" y="1958" width="455" height="460" frameX="-2" frameY="-29" frameWidth="526" frameHeight="490"/>
	<SubTexture name="Pico smonker0095" x="1845" y="1958" width="460" height="455" frameX="0" frameY="-34" frameWidth="526" frameHeight="490"/>
	<SubTexture name="Pico smonker0096" x="1845" y="1958" width="460" height="455" frameX="0" frameY="-34" frameWidth="526" frameHeight="490"/>
	<SubTexture name="Pico smonker0097" x="2310" y="1958" width="449" height="480" frameX="-53" frameY="-8" frameWidth="526" frameHeight="490"/>
	<SubTexture name="Pico smonker0098" x="2310" y="1958" width="449" height="480" frameX="-53" frameY="-8" frameWidth="526" frameHeight="490"/>
	<SubTexture name="Pico smonker0099" x="2764" y="1958" width="445" height="476" frameX="-46" frameY="-11" frameWidth="526" frameHeight="490"/>
	<SubTexture name="Pico smonker0100" x="2764" y="1958" width="445" height="476" frameX="-46" frameY="-11" frameWidth="526" frameHeight="490"/>
	<SubTexture name="pico Up note0000" x="3214" y="1958" width="408" height="485" frameX="-8" frameY="0" frameWidth="416" frameHeight="485"/>
	<SubTexture name="pico Up note0001" x="3214" y="1958" width="408" height="485" frameX="-8" frameY="0" frameWidth="416" frameHeight="485"/>
	<SubTexture name="pico Up note0002" x="3627" y="1958" width="405" height="477" frameX="0" frameY="-8" frameWidth="416" frameHeight="485"/>
	<SubTexture name="pico Up note0003" x="3627" y="1958" width="405" height="477" frameX="0" frameY="-8" frameWidth="416" frameHeight="485"/>
	<SubTexture name="pico Up note0004" x="3627" y="1958" width="405" height="477" frameX="0" frameY="-8" frameWidth="416" frameHeight="485"/>
	<SubTexture name="pico Up note0005" x="3627" y="1958" width="405" height="477" frameX="0" frameY="-8" frameWidth="416" frameHeight="485"/>
	<SubTexture name="pico Up note0006" x="3627" y="1958" width="405" height="477" frameX="0" frameY="-8" frameWidth="416" frameHeight="485"/>
	<SubTexture name="pico Up note0007" x="3627" y="1958" width="405" height="477" frameX="0" frameY="-8" frameWidth="416" frameHeight="485"/>
	<SubTexture name="pico Up note0008" x="3627" y="1958" width="405" height="477" frameX="0" frameY="-8" frameWidth="416" frameHeight="485"/>
	<SubTexture name="pico Up note0009" x="3627" y="1958" width="405" height="477" frameX="0" frameY="-8" frameWidth="416" frameHeight="485"/>
	<SubTexture name="pico Up note0010" x="3627" y="1958" width="405" height="477" frameX="0" frameY="-8" frameWidth="416" frameHeight="485"/>
	<SubTexture name="pico Up note0011" x="3627" y="1958" width="405" height="477" frameX="0" frameY="-8" frameWidth="416" frameHeight="485"/>
	<SubTexture name="pico Up note0012" x="3627" y="1958" width="405" height="477" frameX="0" frameY="-8" frameWidth="416" frameHeight="485"/>
	<SubTexture name="pico Up note0013" x="3627" y="1958" width="405" height="477" frameX="0" frameY="-8" frameWidth="416" frameHeight="485"/>
</TextureAtlas>
