{
	"dialogue": [
		{
			"expression": "talk",
			"text": "Y'know, for being my literal twin-",
			"boxState": "normal",
			"sound": "",
			"speed": 0.08,
			"portrait": "bf"
		},
		{
			"expression": "excited",
			"text": "you don't look so bad.",
			"boxState": "normal",
			"sound": "",
			"speed": 0.08,
			"portrait": "bf"
		},
		{
			"expression": "confused",
			"text": "But then again...",
			"boxState": "normal",
			"sound": "",
			"speed": 0.08,
			"portrait": "bf"
		},
		{
			"expression": "shocked",
			"text": "your dick is so tiny-",
			"boxState": "normal",
			"sound": "",
			"speed": 0.08,
			"portrait": "bf"
		},
		{
			"expression": "pissed",
			"text": "and I gotta magnum cock",
			"boxState": "normal",
			"sound": "",
			"speed": 0.08,
			"portrait": "bf"
		},
		{
			"expression": "confused",
			"text": "*looks down* well... i guess the devs got a point...",
			"boxState": "normal",
			"sound": "",
			"speed": 0.08,
			"portrait": "bf"
		}
	]
}