{
	"animations": [
		{
			"offsets": [
				-1,
				0
			],
			"loop": false,
			"fps": 24,
			"anim": "idle",
			"indices": [],
			"name": "BF idle dance"
		},
		{
			"offsets": [
				-20,
				-50
			],
			"loop": false,
			"fps": 24,
			"anim": "singDOWN",
			"indices": [],
			"name": "BF NOTE DOWN0"
		},
		{
			"offsets": [
				1,
				27
			],
			"loop": false,
			"fps": 24,
			"anim": "singUP",
			"indices": [],
			"name": "BF NOTE UP0"
		},
		{
			"offsets": [
				-5,
				5
			],
			"loop": false,
			"fps": 24,
			"anim": "hey",
			"indices": [],
			"name": "BF HEY"
		},
		{
			"loop": false,
			"offsets": [
				35,
				-6
			],
			"anim": "singLEFT",
			"fps": 24,
			"name": "BF NOTE RIGHT0",
			"indices": []
		},
		{
			"loop": false,
			"offsets": [
				-38,
				-7
			],
			"anim": "singRIGHT",
			"fps": 24,
			"name": "BF NOTE LEFT0",
			"indices": []
		}
	],
	"no_antialiasing": false,
	"image": "characters/BOYFRIEND",
	"position": [
		-10,
		360
	],
	"healthicon": "bf",
	"flip_x": true,
	"healthbar_colors": [
		49,
		176,
		209
	],
	"camera_position": [
		0,
		0
	],
	"sing_duration": 4,
	"scale": 1
}