<?xml version='1.0' encoding='utf-8'?>
<TextureAtlas imagePath="oiia.png">
<SubTexture name="oiia idle0000" x="0" y="0" width="504" height="504" frameX="0" frameY="0" frameWidth="504" frameHeight="504" />
<SubTexture name="oiia idle0001" x="504" y="0" width="504" height="504" frameX="0" frameY="0" frameWidth="504" frameHeight="504" />
<SubTexture name="oiia idle0002" x="0" y="504" width="504" height="504" frameX="0" frameY="0" frameWidth="504" frameHeight="504" />
<SubTexture name="oiia idle0003" x="504" y="504" width="504" height="504" frameX="0" frameY="0" frameWidth="504" frameHeight="504" />
<SubTexture name="oiia idle0004" x="1008" y="0" width="504" height="504" frameX="0" frameY="0" frameWidth="504" frameHeight="504" />
<SubTexture name="oiia idle0005" x="1008" y="504" width="504" height="504" frameX="0" frameY="0" frameWidth="504" frameHeight="504" />
<SubTexture name="oiia idle0006" x="0" y="1008" width="504" height="504" frameX="0" frameY="0" frameWidth="504" frameHeight="504" />
<SubTexture name="oiia idle0007" x="504" y="1008" width="504" height="504" frameX="0" frameY="0" frameWidth="504" frameHeight="504" />
</TextureAtlas>
