{
	"song": {
		"sectionLengths": [],
		"player1": "oiia",
		"events": [],
		"gfVersion": "oiia",
		"player2": "oiia",
		"notes": [
			{
				"sectionNotes": [
					[
						272,
						0,
						-272
					],
					[
						472,
						2,
						-472
					],
					[
						572,
						2,
						-572
					],
					[
						672,
						3,
						200
					],
					[
						872,
						1,
						-872
					],
					[
						972,
						0,
						-972
					],
					[
						1072,
						1,
						-1072
					],
					[
						1172,
						3,
						-1172
					],
					[
						1272,
						3,
						-1272
					],
					[
						1372,
						3,
						-1372
					],
					[
						1472,
						2,
						200
					],
					[
						1672,
						1,
						-1672
					],
					[
						3072,
						0,
						200
					],
					[
						3372,
						1,
						-3372
					],
					[
						3522,
						1,
						-3522
					],
					[
						3672,
						3,
						250
					],
					[
						3922,
						1,
						-3922
					],
					[
						4047,
						2,
						-4047
					],
					[
						4197,
						3,
						-4197
					],
					[
						4322,
						0,
						-4322
					],
					[
						4472,
						0,
						-4472
					],
					[
						4597,
						0,
						-4597
					],
					[
						4747,
						2,
						275
					],
					[
						5022,
						3,
						-5022
					],
					[
						6072,
						0,
						-6072
					],
					[
						6072,
						1,
						-6072
					],
					[
						6272,
						3,
						-6272
					],
					[
						6372,
						3,
						-6372
					],
					[
						6472,
						2,
						100
					],
					[
						6572,
						1,
						100
					],
					[
						6672,
						0,
						-6672
					],
					[
						6772,
						3,
						-6772
					],
					[
						6872,
						0,
						-6872
					],
					[
						6872,
						1,
						-6872
					],
					[
						6972,
						2,
						-6972
					],
					[
						7072,
						2,
						-7072
					],
					[
						7172,
						2,
						-7172
					],
					[
						7272,
						3,
						100
					],
					[
						7372,
						0,
						100
					],
					[
						7472,
						1,
						-7472
					],
					[
						7572,
						1,
						-7572
					],
					[
						7672,
						0,
						-7672
					],
					[
						7672,
						3,
						-7672
					],
					[
						7697,
						2,
						175
					],
					[
						7872,
						1,
						-7872
					],
					[
						7972,
						1,
						-7972
					],
					[
						8072,
						0,
						100
					],
					[
						8172,
						3,
						100
					],
					[
						8272,
						2,
						-8272
					],
					[
						8372,
						1,
						-8372
					],
					[
						8472,
						2,
						-8472
					],
					[
						8472,
						3,
						-8472
					],
					[
						8572,
						0,
						-8572
					],
					[
						8672,
						3,
						-8672
					],
					[
						8772,
						1,
						-8772
					],
					[
						8872,
						2,
						100
					],
					[
						8972,
						0,
						-8972
					],
					[
						9022,
						1,
						-9022
					],
					[
						9072,
						3,
						-9072
					],
					[
						9172,
						3,
						-9172
					],
					[
						9272,
						0,
						-9272
					],
					[
						9272,
						2,
						-9272
					],
					[
						9472,
						1,
						-9472
					],
					[
						9572,
						1,
						-9572
					],
					[
						9672,
						3,
						100
					],
					[
						9772,
						2,
						100
					],
					[
						9872,
						0,
						-9872
					],
					[
						9972,
						1,
						-9972
					],
					[
						10072,
						2,
						-10072
					],
					[
						10072,
						3,
						-10072
					],
					[
						10172,
						0,
						-10172
					],
					[
						10272,
						0,
						-10272
					],
					[
						10372,
						0,
						-10372
					],
					[
						10472,
						1,
						100
					],
					[
						10572,
						3,
						100
					],
					[
						10672,
						2,
						-10672
					],
					[
						10772,
						2,
						-10772
					],
					[
						10872,
						0,
						-10872
					],
					[
						10872,
						1,
						-10872
					],
					[
						10897,
						3,
						175
					],
					[
						11072,
						2,
						-11072
					],
					[
						11172,
						2,
						-11172
					],
					[
						11272,
						1,
						100
					],
					[
						11372,
						0,
						100
					],
					[
						11472,
						3,
						-11472
					],
					[
						11572,
						2,
						-11572
					],
					[
						11672,
						1,
						-11672
					],
					[
						11672,
						3,
						-11672
					],
					[
						11772,
						0,
						-11772
					],
					[
						11872,
						2,
						-11872
					],
					[
						11972,
						1,
						-11972
					],
					[
						12072,
						3,
						100
					],
					[
						12172,
						1,
						-12172
					],
					[
						12222,
						0,
						-12222
					],
					[
						12272,
						2,
						-12272
					],
					[
						12372,
						2,
						-12372
					],
					[
						12472,
						0,
						-12472
					],
					[
						12472,
						1,
						-12472
					],
					[
						12672,
						3,
						-12672
					],
					[
						12772,
						3,
						-12772
					],
					[
						12872,
						2,
						100
					],
					[
						12972,
						1,
						100
					],
					[
						13072,
						0,
						-13072
					],
					[
						13172,
						3,
						-13172
					],
					[
						13272,
						0,
						-13272
					],
					[
						13272,
						1,
						-13272
					],
					[
						13372,
						2,
						-13372
					],
					[
						13472,
						2,
						-13472
					],
					[
						13572,
						2,
						-13572
					],
					[
						13672,
						3,
						100
					],
					[
						13772,
						0,
						100
					],
					[
						13872,
						1,
						-13872
					],
					[
						13972,
						1,
						-13972
					],
					[
						14072,
						0,
						-14072
					],
					[
						14072,
						3,
						-14072
					],
					[
						14097,
						2,
						175
					],
					[
						14272,
						1,
						-14272
					],
					[
						14372,
						1,
						-14372
					],
					[
						14472,
						0,
						100
					],
					[
						14572,
						3,
						100
					],
					[
						14672,
						2,
						-14672
					],
					[
						14772,
						1,
						-14772
					],
					[
						14872,
						2,
						-14872
					],
					[
						14872,
						3,
						-14872
					],
					[
						14972,
						0,
						-14972
					],
					[
						15072,
						3,
						-15072
					],
					[
						15172,
						1,
						-15172
					],
					[
						15272,
						2,
						100
					],
					[
						15372,
						0,
						-15372
					],
					[
						15422,
						1,
						-15422
					],
					[
						15472,
						3,
						-15472
					],
					[
						15572,
						3,
						-15572
					],
					[
						15672,
						0,
						-15672
					],
					[
						15672,
						2,
						-15672
					],
					[
						15872,
						1,
						-15872
					],
					[
						15972,
						1,
						-15972
					],
					[
						16072,
						3,
						100
					],
					[
						16172,
						2,
						100
					],
					[
						16272,
						0,
						-16272
					],
					[
						16372,
						1,
						-16372
					],
					[
						16472,
						2,
						-16472
					],
					[
						16472,
						3,
						-16472
					],
					[
						16572,
						0,
						-16572
					],
					[
						16672,
						0,
						-16672
					],
					[
						16772,
						0,
						-16772
					],
					[
						16872,
						1,
						100
					],
					[
						16972,
						3,
						100
					],
					[
						17072,
						2,
						-17072
					],
					[
						17172,
						2,
						-17172
					],
					[
						17272,
						0,
						-17272
					],
					[
						17272,
						1,
						-17272
					],
					[
						17297,
						3,
						175
					],
					[
						17472,
						2,
						-17472
					],
					[
						17572,
						2,
						-17572
					],
					[
						17672,
						1,
						100
					],
					[
						17772,
						0,
						100
					],
					[
						17872,
						3,
						-17872
					],
					[
						17972,
						2,
						-17972
					],
					[
						18072,
						1,
						-18072
					],
					[
						18072,
						3,
						-18072
					],
					[
						18172,
						0,
						-18172
					],
					[
						18272,
						2,
						-18272
					],
					[
						18372,
						1,
						-18372
					],
					[
						18472,
						3,
						100
					],
					[
						18572,
						1,
						-18572
					],
					[
						18622,
						0,
						-18622
					],
					[
						18672,
						2,
						-18672
					],
					[
						18772,
						2,
						-18772
					],
					[
						18872,
						1,
						-18872
					],
					[
						18872,
						0,
						200
					],
					[
						19072,
						3,
						-19072
					],
					[
						19172,
						3,
						-19172
					],
					[
						19372,
						1,
						-19372
					],
					[
						19472,
						3,
						-19472
					],
					[
						19572,
						0,
						-19572
					],
					[
						19772,
						2,
						-19772
					],
					[
						19872,
						3,
						-19872
					],
					[
						19972,
						1,
						-19972
					],
					[
						20072,
						0,
						-20072
					],
					[
						20072,
						2,
						200
					],
					[
						20272,
						1,
						-20272
					],
					[
						20372,
						0,
						-20372
					],
					[
						20472,
						3,
						-20472
					],
					[
						20472,
						2,
						200
					],
					[
						20672,
						0,
						-20672
					],
					[
						20672,
						1,
						200
					],
					[
						20872,
						3,
						-20872
					],
					[
						20972,
						0,
						-20972
					],
					[
						21072,
						2,
						-21072
					],
					[
						21172,
						1,
						-21172
					],
					[
						21272,
						3,
						200
					],
					[
						21472,
						2,
						-21472
					],
					[
						21572,
						1,
						-21572
					],
					[
						21672,
						3,
						-21672
					],
					[
						21772,
						2,
						-21772
					],
					[
						21872,
						0,
						-21872
					],
					[
						21922,
						3,
						-21922
					],
					[
						21972,
						0,
						-21972
					],
					[
						22072,
						2,
						200
					],
					[
						22272,
						3,
						-22272
					],
					[
						22372,
						3,
						-22372
					],
					[
						22572,
						3,
						-22572
					],
					[
						22672,
						3,
						-22672
					],
					[
						22772,
						0,
						-22772
					],
					[
						22972,
						2,
						-22972
					],
					[
						23072,
						1,
						-23072
					],
					[
						23172,
						3,
						-23172
					],
					[
						23272,
						2,
						200
					],
					[
						23472,
						0,
						-23472
					],
					[
						23572,
						0,
						-23572
					],
					[
						23672,
						2,
						200
					],
					[
						23872,
						3,
						200
					],
					[
						24072,
						2,
						-24072
					],
					[
						24172,
						0,
						-24172
					],
					[
						24272,
						2,
						100
					],
					[
						24372,
						3,
						100
					],
					[
						24472,
						1,
						-24472
					],
					[
						24572,
						0,
						-24572
					],
					[
						24572,
						2,
						-24572
					],
					[
						24672,
						3,
						-24672
					],
					[
						24772,
						1,
						-24772
					],
					[
						24772,
						2,
						-24772
					],
					[
						24872,
						0,
						-24872
					],
					[
						24972,
						3,
						-24972
					],
					[
						24972,
						2,
						-24972
					],
					[
						25072,
						0,
						-25072
					],
					[
						25172,
						1,
						-25172
					],
					[
						25172,
						2,
						-25172
					],
					[
						25272,
						3,
						-25272
					],
					[
						25272,
						0,
						200
					],
					[
						25472,
						2,
						-25472
					],
					[
						25572,
						2,
						-25572
					],
					[
						25772,
						3,
						-25772
					],
					[
						25872,
						0,
						-25872
					],
					[
						25972,
						1,
						-25972
					],
					[
						26172,
						2,
						-26172
					],
					[
						26272,
						3,
						-26272
					],
					[
						26372,
						3,
						-26372
					],
					[
						26472,
						0,
						-26472
					],
					[
						26472,
						1,
						200
					],
					[
						26672,
						2,
						-26672
					],
					[
						26772,
						3,
						-26772
					],
					[
						26872,
						0,
						-26872
					],
					[
						26872,
						1,
						200
					],
					[
						27072,
						3,
						-27072
					],
					[
						27072,
						2,
						200
					],
					[
						27272,
						1,
						-27272
					],
					[
						27372,
						0,
						-27372
					],
					[
						27472,
						3,
						-27472
					],
					[
						27572,
						2,
						-27572
					],
					[
						27672,
						1,
						200
					],
					[
						27872,
						3,
						-27872
					],
					[
						27972,
						0,
						-27972
					],
					[
						28072,
						1,
						-28072
					],
					[
						28172,
						3,
						-28172
					],
					[
						28272,
						2,
						-28272
					],
					[
						28322,
						3,
						-28322
					],
					[
						28372,
						2,
						-28372
					],
					[
						28472,
						0,
						200
					],
					[
						28672,
						2,
						-28672
					],
					[
						28772,
						2,
						-28772
					],
					[
						28972,
						2,
						-28972
					],
					[
						29072,
						2,
						-29072
					],
					[
						29172,
						3,
						-29172
					],
					[
						29372,
						0,
						-29372
					],
					[
						29472,
						3,
						-29472
					],
					[
						29572,
						2,
						-29572
					],
					[
						29672,
						1,
						200
					],
					[
						29872,
						3,
						-29872
					],
					[
						29972,
						3,
						-29972
					],
					[
						31672,
						3,
						-31672
					],
					[
						31672,
						0,
						-31672
					],
					[
						31772,
						1,
						-31772
					],
					[
						31872,
						3,
						-31872
					],
					[
						31872,
						0,
						-31872
					],
					[
						31972,
						2,
						-31972
					],
					[
						32072,
						1,
						-32072
					],
					[
						32072,
						3,
						-32072
					],
					[
						32172,
						0,
						-32172
					],
					[
						32272,
						3,
						-32272
					],
					[
						32272,
						1,
						-32272
					],
					[
						32372,
						2,
						-32372
					],
					[
						32472,
						0,
						-32472
					],
					[
						32472,
						3,
						-32472
					],
					[
						32572,
						1,
						-32572
					],
					[
						32672,
						2,
						-32672
					],
					[
						32672,
						0,
						-32672
					],
					[
						32772,
						3,
						-32772
					],
					[
						32872,
						3,
						-32872
					],
					[
						32872,
						1,
						-32872
					],
					[
						32972,
						0,
						-32972
					],
					[
						33072,
						2,
						-33072
					],
					[
						33072,
						3,
						-33072
					],
					[
						33172,
						1,
						-33172
					],
					[
						33272,
						2,
						-33272
					],
					[
						33272,
						0,
						-33272
					],
					[
						33372,
						3,
						-33372
					],
					[
						33472,
						1,
						-33472
					],
					[
						33472,
						0,
						-33472
					],
					[
						33572,
						2,
						-33572
					],
					[
						33672,
						1,
						-33672
					],
					[
						33672,
						3,
						-33672
					],
					[
						33772,
						0,
						-33772
					],
					[
						33872,
						3,
						-33872
					],
					[
						33872,
						2,
						-33872
					],
					[
						33972,
						0,
						-33972
					],
					[
						34072,
						2,
						-34072
					],
					[
						34072,
						1,
						-34072
					],
					[
						34172,
						0,
						-34172
					],
					[
						34272,
						1,
						-34272
					],
					[
						34272,
						3,
						-34272
					],
					[
						34372,
						2,
						-34372
					],
					[
						34472,
						0,
						100
					],
					[
						34472,
						3,
						100
					],
					[
						34872,
						2,
						-34872
					],
					[
						34872,
						0,
						-34872
					],
					[
						34972,
						1,
						-34972
					],
					[
						35072,
						3,
						-35072
					],
					[
						35072,
						0,
						-35072
					],
					[
						35172,
						2,
						-35172
					],
					[
						35272,
						1,
						-35272
					],
					[
						35272,
						3,
						-35272
					],
					[
						35372,
						0,
						-35372
					],
					[
						35472,
						3,
						-35472
					],
					[
						35472,
						1,
						-35472
					],
					[
						35572,
						0,
						-35572
					],
					[
						35672,
						2,
						-35672
					],
					[
						35672,
						3,
						-35672
					],
					[
						35772,
						1,
						-35772
					],
					[
						35872,
						2,
						-35872
					],
					[
						35872,
						0,
						-35872
					],
					[
						35972,
						3,
						-35972
					],
					[
						36072,
						2,
						-36072
					],
					[
						36072,
						1,
						-36072
					],
					[
						36172,
						0,
						-36172
					],
					[
						36272,
						2,
						-36272
					],
					[
						36272,
						3,
						-36272
					],
					[
						36372,
						3,
						-36372
					],
					[
						36472,
						1,
						-36472
					],
					[
						36472,
						0,
						-36472
					],
					[
						36572,
						3,
						-36572
					],
					[
						36672,
						2,
						-36672
					],
					[
						36672,
						0,
						-36672
					],
					[
						36772,
						1,
						-36772
					],
					[
						36872,
						2,
						-36872
					],
					[
						36872,
						3,
						-36872
					],
					[
						36972,
						0,
						-36972
					],
					[
						37072,
						2,
						-37072
					],
					[
						37072,
						1,
						-37072
					],
					[
						37172,
						0,
						-37172
					],
					[
						37272,
						3,
						-37272
					],
					[
						37272,
						2,
						-37272
					],
					[
						37372,
						0,
						-37372
					],
					[
						37472,
						1,
						-37472
					],
					[
						37472,
						3,
						-37472
					],
					[
						37572,
						2,
						-37572
					],
					[
						37672,
						0,
						100
					],
					[
						37672,
						3,
						100
					],
					[
						38072,
						0,
						-38072
					],
					[
						38072,
						1,
						-38072
					],
					[
						38172,
						3,
						-38172
					],
					[
						38272,
						1,
						-38272
					],
					[
						38272,
						2,
						-38272
					],
					[
						38372,
						3,
						-38372
					],
					[
						38472,
						2,
						-38472
					],
					[
						38472,
						0,
						-38472
					],
					[
						38672,
						3,
						-38672
					],
					[
						38672,
						2,
						-38672
					],
					[
						38772,
						0,
						-38772
					],
					[
						38972,
						3,
						-38972
					],
					[
						39072,
						2,
						-39072
					],
					[
						39072,
						1,
						-39072
					],
					[
						39272,
						2,
						-39272
					],
					[
						39372,
						3,
						-39372
					],
					[
						39372,
						1,
						-39372
					],
					[
						39472,
						0,
						-39472
					],
					[
						39572,
						2,
						-39572
					],
					[
						39572,
						3,
						-39572
					],
					[
						39872,
						3,
						-39872
					],
					[
						39872,
						0,
						-39872
					],
					[
						39972,
						2,
						-39972
					],
					[
						40072,
						1,
						-40072
					],
					[
						40072,
						0,
						-40072
					],
					[
						40172,
						2,
						-40172
					],
					[
						40272,
						0,
						-40272
					],
					[
						40272,
						3,
						-40272
					],
					[
						40372,
						1,
						-40372
					],
					[
						40572,
						0,
						-40572
					],
					[
						40672,
						1,
						-40672
					],
					[
						40672,
						3,
						-40672
					],
					[
						40772,
						2,
						-40772
					],
					[
						40872,
						3,
						150
					],
					[
						40872,
						0,
						150
					],
					[
						41272,
						2,
						-41272
					],
					[
						41272,
						1,
						-41272
					],
					[
						41372,
						0,
						-41372
					],
					[
						41472,
						1,
						-41472
					],
					[
						41472,
						3,
						-41472
					],
					[
						41572,
						2,
						-41572
					],
					[
						41672,
						1,
						-41672
					],
					[
						41672,
						0,
						-41672
					],
					[
						41772,
						3,
						-41772
					],
					[
						41872,
						2,
						200
					],
					[
						41872,
						1,
						-41872
					],
					[
						42172,
						3,
						-42172
					],
					[
						42172,
						0,
						-42172
					],
					[
						42272,
						1,
						200
					],
					[
						42272,
						2,
						-42272
					],
					[
						42472,
						2,
						-42472
					],
					[
						42572,
						3,
						-42572
					],
					[
						42572,
						1,
						-42572
					],
					[
						42672,
						0,
						-42672
					],
					[
						42772,
						2,
						-42772
					],
					[
						42772,
						3,
						-42772
					],
					[
						44472,
						0,
						150
					],
					[
						44772,
						1,
						-44772
					],
					[
						44872,
						3,
						200
					],
					[
						45172,
						0,
						-45172
					],
					[
						45272,
						3,
						-45272
					],
					[
						45547,
						3,
						-45547
					],
					[
						45672,
						0,
						-45672
					],
					[
						45822,
						1,
						-45822
					],
					[
						45947,
						3,
						-45947
					],
					[
						46072,
						2,
						150
					],
					[
						46372,
						3,
						-46372
					],
					[
						46472,
						0,
						150
					],
					[
						46772,
						1,
						-46772
					],
					[
						46872,
						2,
						-46872
					],
					[
						47022,
						3,
						-47022
					],
					[
						47147,
						3,
						-47147
					],
					[
						47272,
						3,
						-47272
					],
					[
						47422,
						2,
						-47422
					],
					[
						47472,
						0,
						-47472
					],
					[
						47547,
						1,
						-47547
					],
					[
						47672,
						2,
						-47672
					],
					[
						47697,
						3,
						125
					],
					[
						47947,
						0,
						-47947
					],
					[
						48072,
						2,
						150
					],
					[
						48347,
						1,
						-48347
					],
					[
						48472,
						3,
						-48472
					],
					[
						48597,
						2,
						-48597
					],
					[
						48722,
						2,
						-48722
					],
					[
						48872,
						3,
						150
					],
					[
						49147,
						0,
						-49147
					],
					[
						49272,
						0,
						-49272
					],
					[
						49547,
						0,
						-49547
					],
					[
						49672,
						1,
						150
					],
					[
						49822,
						2,
						-49822
					],
					[
						49947,
						0,
						125
					],
					[
						50072,
						3,
						-50072
					],
					[
						50197,
						2,
						-50197
					],
					[
						50347,
						3,
						-50347
					],
					[
						50472,
						1,
						-50472
					],
					[
						50872,
						0,
						150
					],
					[
						51172,
						1,
						-51172
					],
					[
						51272,
						3,
						200
					],
					[
						51572,
						0,
						-51572
					],
					[
						51672,
						3,
						-51672
					],
					[
						51947,
						3,
						-51947
					],
					[
						52072,
						0,
						-52072
					],
					[
						52222,
						1,
						-52222
					],
					[
						52347,
						3,
						-52347
					],
					[
						52472,
						2,
						150
					],
					[
						52772,
						3,
						-52772
					],
					[
						52872,
						0,
						150
					],
					[
						53172,
						1,
						-53172
					],
					[
						53272,
						2,
						-53272
					],
					[
						53422,
						3,
						-53422
					],
					[
						53547,
						3,
						-53547
					],
					[
						53672,
						3,
						-53672
					],
					[
						53822,
						2,
						-53822
					],
					[
						53872,
						0,
						-53872
					],
					[
						53947,
						1,
						-53947
					],
					[
						54072,
						2,
						-54072
					],
					[
						54097,
						3,
						125
					],
					[
						54347,
						0,
						-54347
					],
					[
						54472,
						2,
						150
					],
					[
						54747,
						1,
						-54747
					],
					[
						54872,
						3,
						-54872
					],
					[
						54997,
						2,
						-54997
					],
					[
						55122,
						2,
						-55122
					],
					[
						55272,
						3,
						150
					],
					[
						55547,
						0,
						-55547
					],
					[
						55672,
						0,
						-55672
					],
					[
						55822,
						3,
						125
					],
					[
						55947,
						0,
						-55947
					],
					[
						56072,
						1,
						150
					],
					[
						56347,
						0,
						125
					],
					[
						56472,
						3,
						125
					],
					[
						56747,
						1,
						125
					],
					[
						56872,
						2,
						-56872
					],
					[
						59297,
						3,
						225
					],
					[
						59297,
						2,
						375
					],
					[
						59297,
						0,
						175
					],
					[
						59322,
						1,
						25
					],
					[
						59347,
						2,
						50
					],
					[
						59347,
						3,
						125
					],
					[
						59372,
						1,
						125
					],
					[
						59422,
						2,
						100
					],
					[
						59497,
						2,
						125
					],
					[
						59522,
						3,
						150
					],
					[
						59547,
						0,
						225
					],
					[
						59572,
						1,
						150
					],
					[
						59572,
						0,
						100
					],
					[
						59647,
						3,
						125
					],
					[
						59647,
						1,
						150
					],
					[
						59697,
						2,
						100
					],
					[
						59747,
						3,
						175
					],
					[
						59772,
						1,
						175
					],
					[
						59797,
						0,
						125
					],
					[
						59797,
						3,
						175
					],
					[
						59847,
						0,
						150
					],
					[
						59847,
						2,
						125
					],
					[
						59897,
						1,
						125
					],
					[
						59922,
						2,
						100
					]
				],
				"lengthInSteps": 160000,
				"typeOfSection": 0,
				"timePosition": 6072,
				"changeBPM": true,
				"mustHitSection": true,
				"bpm": 150
			},
			{
				"typeOfSection": 0,
				"sectionNotes": [],
				"sectionBeats": 4,
				"altAnim": false,
				"gfSection": false,
				"bpm": 150,
				"changeBPM": false,
				"mustHitSection": true
			},
			{
				"typeOfSection": 0,
				"sectionNotes": [],
				"sectionBeats": 4,
				"altAnim": false,
				"gfSection": false,
				"bpm": 150,
				"changeBPM": false,
				"mustHitSection": true
			},
			{
				"typeOfSection": 0,
				"sectionNotes": [],
				"sectionBeats": 4,
				"altAnim": false,
				"gfSection": false,
				"bpm": 150,
				"changeBPM": false,
				"mustHitSection": true
			},
			{
				"typeOfSection": 0,
				"sectionNotes": [],
				"sectionBeats": 4,
				"altAnim": false,
				"gfSection": false,
				"bpm": 150,
				"changeBPM": false,
				"mustHitSection": true
			},
			{
				"typeOfSection": 0,
				"sectionNotes": [],
				"sectionBeats": 4,
				"altAnim": false,
				"gfSection": false,
				"bpm": 150,
				"changeBPM": false,
				"mustHitSection": true
			},
			{
				"typeOfSection": 0,
				"sectionNotes": [],
				"sectionBeats": 4,
				"altAnim": false,
				"gfSection": false,
				"bpm": 150,
				"changeBPM": false,
				"mustHitSection": true
			},
			{
				"typeOfSection": 0,
				"sectionNotes": [],
				"sectionBeats": 4,
				"altAnim": false,
				"gfSection": false,
				"bpm": 150,
				"changeBPM": false,
				"mustHitSection": true
			},
			{
				"typeOfSection": 0,
				"sectionNotes": [],
				"sectionBeats": 4,
				"altAnim": false,
				"gfSection": false,
				"bpm": 150,
				"changeBPM": false,
				"mustHitSection": true
			},
			{
				"typeOfSection": 0,
				"sectionNotes": [],
				"sectionBeats": 4,
				"altAnim": false,
				"gfSection": false,
				"bpm": 150,
				"changeBPM": false,
				"mustHitSection": true
			},
			{
				"typeOfSection": 0,
				"sectionNotes": [],
				"sectionBeats": 4,
				"altAnim": false,
				"gfSection": false,
				"bpm": 150,
				"changeBPM": false,
				"mustHitSection": true
			},
			{
				"typeOfSection": 0,
				"sectionNotes": [],
				"sectionBeats": 4,
				"altAnim": false,
				"gfSection": false,
				"bpm": 150,
				"changeBPM": false,
				"mustHitSection": true
			},
			{
				"typeOfSection": 0,
				"sectionNotes": [],
				"sectionBeats": 4,
				"altAnim": false,
				"gfSection": false,
				"bpm": 150,
				"changeBPM": false,
				"mustHitSection": true
			},
			{
				"typeOfSection": 0,
				"sectionNotes": [],
				"sectionBeats": 4,
				"altAnim": false,
				"gfSection": false,
				"bpm": 150,
				"changeBPM": false,
				"mustHitSection": true
			},
			{
				"typeOfSection": 0,
				"sectionNotes": [],
				"sectionBeats": 4,
				"altAnim": false,
				"gfSection": false,
				"bpm": 150,
				"changeBPM": false,
				"mustHitSection": true
			},
			{
				"typeOfSection": 0,
				"sectionNotes": [],
				"sectionBeats": 4,
				"altAnim": false,
				"gfSection": false,
				"bpm": 150,
				"changeBPM": false,
				"mustHitSection": true
			},
			{
				"sectionBeats": 4,
				"sectionNotes": [],
				"typeOfSection": 0,
				"gfSection": false,
				"altAnim": false,
				"mustHitSection": true,
				"changeBPM": false,
				"bpm": 150
			},
			{
				"gfSection": false,
				"altAnim": false,
				"typeOfSection": 0,
				"sectionNotes": [],
				"bpm": 150,
				"sectionBeats": 4,
				"changeBPM": false,
				"mustHitSection": true
			},
			{
				"gfSection": false,
				"altAnim": false,
				"typeOfSection": 0,
				"sectionNotes": [],
				"bpm": 150,
				"sectionBeats": 4,
				"changeBPM": false,
				"mustHitSection": true
			},
			{
				"gfSection": false,
				"altAnim": false,
				"typeOfSection": 0,
				"sectionNotes": [],
				"bpm": 150,
				"sectionBeats": 4,
				"changeBPM": false,
				"mustHitSection": true
			},
			{
				"gfSection": false,
				"altAnim": false,
				"typeOfSection": 0,
				"sectionNotes": [],
				"bpm": 150,
				"sectionBeats": 4,
				"changeBPM": false,
				"mustHitSection": true
			}
		],
		"player3": null,
		"song": "Oiia",
		"stage": "oiia",
		"validScore": true,
		"needsVoices": false,
		"sections": 1,
		"bpm": 150,
		"speed": 3
	}
}