{
	"song": {
		"player1": "bf",
		"notes": [
			{
				"sectionNotes": [],
				"lengthInSteps": 16,
				"mustHitSection": false
			},
			{
				"sectionNotes": [],
				"lengthInSteps": 16,
				"mustHitSection": true
			},
			{
				"sectionNotes": [],
				"lengthInSteps": 16,
				"mustHitSection": false
			},
			{
				"sectionNotes": [],
				"lengthInSteps": 16,
				"mustHitSection": false
			},
			{
				"sectionNotes": [
					[
						9000,
						2,
						0
					],
					[
						9136.36363636364,
						3,
						0
					],
					[
						9545.45454545455,
						1,
						0
					],
					[
						9681.81818181818,
						0,
						0
					],
					[
						9409.09090909091,
						0,
						0
					],
					[
						10090.9090909091,
						2,
						0
					],
					[
						10227.2727272727,
						3,
						0
					],
					[
						9818.18181818182,
						3,
						0
					],
					[
						8727.27272727273,
						3,
						0
					],
					[
						10500,
						0,
						0
					],
					[
						10636.3636363636,
						1,
						0
					],
					[
						10772.7272727273,
						0,
						0
					]
				],
				"lengthInSteps": 16,
				"mustHitSection": false
			},
			{
				"sectionNotes": [
					[
						11181.8181818182,
						2,
						0
					],
					[
						11318.1818181818,
						3,
						0
					],
					[
						11727.2727272727,
						1,
						0
					],
					[
						11863.6363636364,
						0,
						0
					],
					[
						11590.9090909091,
						0,
						0
					],
					[
						10909.0909090909,
						3,
						0
					],
					[
						12167.0454545455,
						3,
						0
					],
					[
						12163.6363636364,
						3,
						0
					],
					[
						12153.4090909091,
						3,
						0
					],
					[
						12146.5909090909,
						3,
						0
					],
					[
						12143.1818181818,
						3,
						0
					],
					[
						12139.7727272727,
						3,
						0
					],
					[
						12136.3636363636,
						3,
						0
					],
					[
						12122.7272727273,
						3,
						0
					],
					[
						12115.9090909091,
						3,
						0
					],
					[
						12109.0909090909,
						3,
						0
					],
					[
						12105.6818181818,
						3,
						0
					],
					[
						12102.2727272727,
						3,
						0
					],
					[
						12098.8636363636,
						3,
						0
					],
					[
						12092.0454545455,
						3,
						0
					],
					[
						12085.2272727273,
						3,
						0
					],
					[
						12078.4090909091,
						3,
						0
					],
					[
						12068.1818181818,
						3,
						0
					],
					[
						12061.3636363636,
						3,
						0
					],
					[
						12057.9545454545,
						3,
						0
					],
					[
						12054.5454545455,
						3,
						0
					],
					[
						12051.1363636364,
						3,
						0
					],
					[
						12743.1818181818,
						3,
						0
					],
					[
						12743.1818181818,
						3,
						0
					],
					[
						12739.7727272727,
						3,
						0
					],
					[
						12739.7727272727,
						3,
						0
					],
					[
						12729.5454545455,
						3,
						0
					],
					[
						12729.5454545455,
						3,
						0
					],
					[
						12726.1363636364,
						3,
						0
					],
					[
						12722.7272727273,
						3,
						0
					],
					[
						12719.3181818182,
						3,
						0
					],
					[
						12705.6818181818,
						3,
						0
					],
					[
						12705.6818181818,
						3,
						0
					],
					[
						12702.2727272727,
						3,
						0
					],
					[
						12695.4545454545,
						3,
						0
					],
					[
						12692.0454545455,
						3,
						0
					],
					[
						12692.0454545455,
						3,
						0
					],
					[
						12685.2272727273,
						3,
						0
					],
					[
						12678.4090909091,
						3,
						0
					],
					[
						12678.4090909091,
						3,
						0
					],
					[
						12675,
						3,
						0
					],
					[
						12668.1818181818,
						3,
						0
					],
					[
						12657.9545454545,
						3,
						0
					],
					[
						12647.7272727273,
						3,
						0
					],
					[
						12644.3181818182,
						3,
						0
					],
					[
						12640.9090909091,
						3,
						0
					],
					[
						12630.6818181818,
						3,
						0
					],
					[
						12630.6818181818,
						3,
						0
					],
					[
						12627.2727272727,
						3,
						0
					],
					[
						12623.8636363636,
						3,
						0
					],
					[
						12620.4545454545,
						3,
						0
					],
					[
						12603.4090909091,
						3,
						0
					],
					[
						12596.5909090909,
						3,
						0
					],
					[
						12593.1818181818,
						3,
						0
					],
					[
						12593.1818181818,
						3,
						0
					],
					[
						12589.7727272727,
						3,
						0
					],
					[
						12582.9545454545,
						3,
						0
					],
					[
						12576.1363636364,
						3,
						0
					],
					[
						12565.9090909091,
						3,
						0
					],
					[
						12565.9090909091,
						3,
						0
					],
					[
						12559.0909090909,
						3,
						0
					],
					[
						12859.0909090909,
						2,
						0
					],
					[
						12855.6818181818,
						2,
						0
					],
					[
						12852.2727272727,
						2,
						0
					],
					[
						12842.0454545455,
						2,
						0
					],
					[
						12838.6363636364,
						2,
						0
					],
					[
						12835.2272727273,
						2,
						0
					],
					[
						12835.2272727273,
						2,
						0
					],
					[
						12831.8181818182,
						2,
						0
					],
					[
						12831.8181818182,
						2,
						0
					],
					[
						12825,
						2,
						0
					],
					[
						12825,
						2,
						0
					],
					[
						12818.1818181818,
						2,
						0
					],
					[
						12811.3636363636,
						2,
						0
					],
					[
						12807.9545454545,
						2,
						0
					],
					[
						12797.7272727273,
						2,
						0
					],
					[
						12784.0909090909,
						2,
						0
					],
					[
						12780.6818181818,
						2,
						0
					],
					[
						12770.4545454545,
						2,
						0
					],
					[
						12767.0454545455,
						2,
						0
					],
					[
						12767.0454545455,
						2,
						0
					],
					[
						12750,
						2,
						0
					],
					[
						12739.7727272727,
						2,
						0
					],
					[
						12732.9545454545,
						2,
						0
					],
					[
						12726.1363636364,
						2,
						0
					],
					[
						12722.7272727273,
						2,
						0
					],
					[
						12715.9090909091,
						2,
						0
					],
					[
						12709.0909090909,
						2,
						0
					],
					[
						12910.2272727273,
						1,
						0
					],
					[
						12896.5909090909,
						1,
						0
					],
					[
						12896.5909090909,
						1,
						0
					],
					[
						12889.7727272727,
						1,
						0
					],
					[
						12882.9545454545,
						1,
						0
					],
					[
						12869.3181818182,
						1,
						0
					],
					[
						12855.6818181818,
						1,
						0
					],
					[
						12842.0454545455,
						1,
						0
					],
					[
						12835.2272727273,
						1,
						0
					],
					[
						12828.4090909091,
						1,
						0
					],
					[
						12821.5909090909,
						1,
						0
					],
					[
						12821.5909090909,
						1,
						0
					],
					[
						12814.7727272727,
						1,
						0
					],
					[
						12814.7727272727,
						1,
						0
					],
					[
						12801.1363636364,
						1,
						0
					],
					[
						12797.7272727273,
						1,
						0
					],
					[
						12790.9090909091,
						1,
						0
					],
					[
						12777.2727272727,
						1,
						0
					],
					[
						12770.4545454545,
						1,
						0
					],
					[
						12763.6363636364,
						1,
						0
					],
					[
						12981.8181818182,
						0,
						0
					],
					[
						12978.4090909091,
						0,
						0
					],
					[
						12975,
						0,
						0
					],
					[
						12964.7727272727,
						0,
						0
					],
					[
						12957.9545454545,
						0,
						0
					],
					[
						12947.7272727273,
						0,
						0
					],
					[
						12937.5,
						0,
						0
					],
					[
						12923.8636363636,
						0,
						0
					],
					[
						12923.8636363636,
						0,
						0
					],
					[
						12913.6363636364,
						0,
						0
					],
					[
						12913.6363636364,
						0,
						0
					],
					[
						12910.2272727273,
						0,
						0
					],
					[
						12893.1818181818,
						0,
						0
					],
					[
						12879.5454545455,
						0,
						0
					],
					[
						12876.1363636364,
						0,
						0
					],
					[
						12865.9090909091,
						0,
						0
					],
					[
						12862.5,
						0,
						0
					],
					[
						12855.6818181818,
						0,
						0
					],
					[
						12838.6363636364,
						0,
						0
					],
					[
						12388.6363636364,
						0,
						0
					],
					[
						12375,
						0,
						0
					],
					[
						12368.1818181818,
						0,
						0
					],
					[
						12364.7727272727,
						0,
						0
					],
					[
						12334.0909090909,
						0,
						0
					],
					[
						12334.0909090909,
						0,
						0
					],
					[
						12293.1818181818,
						0,
						0
					],
					[
						12289.7727272727,
						0,
						0
					],
					[
						12282.9545454545,
						0,
						0
					],
					[
						12279.5454545455,
						0,
						0
					],
					[
						12272.7272727273,
						0,
						0
					],
					[
						12262.5,
						0,
						0
					],
					[
						12255.6818181818,
						0,
						0
					],
					[
						12245.4545454545,
						0,
						0
					],
					[
						12242.0454545455,
						0,
						0
					],
					[
						12235.2272727273,
						0,
						0
					],
					[
						12228.4090909091,
						0,
						0
					],
					[
						12221.5909090909,
						0,
						0
					],
					[
						12214.7727272727,
						0,
						0
					],
					[
						12214.7727272727,
						0,
						0
					],
					[
						12211.3636363636,
						0,
						0
					],
					[
						12453.4090909091,
						1,
						0
					],
					[
						12453.4090909091,
						1,
						0
					],
					[
						12446.5909090909,
						1,
						0
					],
					[
						12419.3181818182,
						1,
						0
					],
					[
						12415.9090909091,
						1,
						0
					],
					[
						12409.0909090909,
						1,
						0
					],
					[
						12388.6363636364,
						1,
						0
					],
					[
						12385.2272727273,
						1,
						0
					],
					[
						12378.4090909091,
						1,
						0
					],
					[
						12361.3636363636,
						1,
						0
					],
					[
						12357.9545454545,
						1,
						0
					],
					[
						12351.1363636364,
						1,
						0
					],
					[
						12340.9090909091,
						1,
						0
					],
					[
						12303.4090909091,
						1,
						0
					],
					[
						12514.7727272727,
						2,
						0
					],
					[
						12514.7727272727,
						2,
						0
					],
					[
						12497.7272727273,
						2,
						0
					],
					[
						12497.7272727273,
						2,
						0
					],
					[
						12484.0909090909,
						2,
						0
					],
					[
						12480.6818181818,
						2,
						0
					],
					[
						12470.4545454545,
						2,
						0
					],
					[
						12460.2272727273,
						2,
						0
					],
					[
						12456.8181818182,
						2,
						0
					],
					[
						12450,
						2,
						0
					],
					[
						12443.1818181818,
						2,
						0
					],
					[
						12429.5454545455,
						2,
						0
					],
					[
						12412.5,
						2,
						0
					],
					[
						12412.5,
						2,
						0
					],
					[
						12381.8181818182,
						2,
						0
					],
					[
						12378.4090909091,
						2,
						0
					],
					[
						12368.1818181818,
						2,
						0
					],
					[
						12347.7272727273,
						2,
						0
					],
					[
						12000,
						-1,
						"Change Character",
						"1",
						"unfairbambi"
					]
				],
				"lengthInSteps": 16,
				"mustHitSection": false
			},
			{
				"sectionNotes": [
					[
						13363.6363636364,
						2,
						0
					],
					[
						13500,
						3,
						0
					],
					[
						13909.0909090909,
						1,
						0
					],
					[
						14045.4545454545,
						0,
						0
					],
					[
						13772.7272727273,
						0,
						0
					],
					[
						14454.5454545455,
						2,
						0
					],
					[
						14590.9090909091,
						3,
						0
					],
					[
						14181.8181818182,
						3,
						0
					],
					[
						13090.9090909091,
						3,
						0
					],
					[
						14863.6363636364,
						0,
						0
					],
					[
						15000,
						1,
						0
					],
					[
						15136.3636363636,
						0,
						0
					],
					[
						13090.9090909091,
						-1,
						"Change Character",
						"1",
						"bambi"
					]
				],
				"lengthInSteps": 16,
				"mustHitSection": false
			},
			{
				"sectionNotes": [
					[
						15545.4545454545,
						2,
						0
					],
					[
						15681.8181818182,
						3,
						0
					],
					[
						16090.9090909091,
						1,
						0
					],
					[
						16227.2727272727,
						0,
						0
					],
					[
						15954.5454545455,
						0,
						0
					],
					[
						15272.7272727273,
						3,
						0
					],
					[
						16363.6363636364,
						2,
						0
					],
					[
						16636.3636363636,
						1,
						0
					],
					[
						16772.7272727273,
						2,
						0
					],
					[
						17045.4545454545,
						2,
						0
					],
					[
						17181.8181818182,
						1,
						0
					],
					[
						17318.1818181818,
						2,
						0
					]
				],
				"lengthInSteps": 16,
				"mustHitSection": false
			},
			{
				"sectionNotes": [
					[
						17727.2727272727,
						2,
						0
					],
					[
						17863.6363636364,
						3,
						0
					],
					[
						18272.7272727273,
						1,
						0
					],
					[
						18409.0909090909,
						0,
						0
					],
					[
						18136.3636363636,
						0,
						0
					],
					[
						18818.1818181818,
						2,
						0
					],
					[
						18954.5454545455,
						3,
						0
					],
					[
						18545.4545454545,
						3,
						0
					],
					[
						17454.5454545455,
						3,
						0
					],
					[
						19227.2727272727,
						0,
						0
					],
					[
						19363.6363636364,
						1,
						0
					],
					[
						19500,
						0,
						0
					]
				],
				"lengthInSteps": 16,
				"mustHitSection": true
			},
			{
				"sectionNotes": [
					[
						19909.0909090909,
						2,
						0
					],
					[
						20045.4545454545,
						3,
						0
					],
					[
						20454.5454545455,
						1,
						0
					],
					[
						20590.9090909091,
						0,
						0
					],
					[
						20318.1818181818,
						0,
						0
					],
					[
						19636.3636363636,
						3,
						0
					],
					[
						20727.2727272727,
						2,
						0
					],
					[
						20860.2272727273,
						0,
						0
					],
					[
						20925,
						3,
						0
					],
					[
						21040.9090909091,
						2,
						0
					],
					[
						21265.9090909091,
						0,
						0
					],
					[
						21351.1363636364,
						1,
						0
					],
					[
						21439.7727272727,
						2,
						0
					],
					[
						21552.2727272727,
						3,
						0
					],
					[
						21651.1363636364,
						2,
						0
					],
					[
						21726.1363636364,
						1,
						0
					]
				],
				"lengthInSteps": 16,
				"mustHitSection": true
			},
			{
				"sectionNotes": [
					[
						22090.9090909091,
						2,
						0
					],
					[
						22227.2727272727,
						3,
						0
					],
					[
						22636.3636363636,
						1,
						0
					],
					[
						22772.7272727273,
						0,
						0
					],
					[
						22500,
						0,
						0
					],
					[
						23181.8181818182,
						2,
						0
					],
					[
						23318.1818181818,
						3,
						0
					],
					[
						22909.0909090909,
						3,
						0
					],
					[
						21818.1818181818,
						3,
						0
					],
					[
						23590.9090909091,
						0,
						0
					],
					[
						23727.2727272727,
						1,
						0
					],
					[
						23863.6363636364,
						0,
						0
					]
				],
				"lengthInSteps": 16,
				"mustHitSection": true
			},
			{
				"sectionNotes": [
					[
						24000,
						2,
						0
					],
					[
						24272.7272727273,
						1,
						0
					],
					[
						24409.0909090909,
						2,
						0
					],
					[
						24681.8181818182,
						3,
						0
					],
					[
						24818.1818181818,
						0,
						0
					],
					[
						24954.5454545455,
						3,
						0
					],
					[
						25090.9090909091,
						1,
						0
					],
					[
						25363.6363636364,
						2,
						0
					],
					[
						25500,
						1,
						0
					],
					[
						25772.7272727273,
						0,
						0
					],
					[
						25909.0909090909,
						3,
						0
					],
					[
						26045.4545454546,
						0,
						0
					]
				],
				"lengthInSteps": 16,
				"mustHitSection": true
			},
			{
				"sectionNotes": [
					[
						26454.5454545455,
						2,
						0
					],
					[
						26590.9090909091,
						3,
						0
					],
					[
						27000,
						1,
						0
					],
					[
						27136.3636363636,
						0,
						0
					],
					[
						26863.6363636364,
						0,
						0
					],
					[
						27545.4545454545,
						2,
						0
					],
					[
						27681.8181818182,
						3,
						0
					],
					[
						27272.7272727273,
						3,
						0
					],
					[
						26181.8181818182,
						3,
						0
					],
					[
						27954.5454545455,
						0,
						0
					],
					[
						28090.9090909091,
						1,
						0
					],
					[
						28227.2727272727,
						0,
						0
					]
				],
				"lengthInSteps": 16,
				"mustHitSection": false
			},
			{
				"sectionNotes": [
					[
						28636.3636363636,
						2,
						0
					],
					[
						28772.7272727273,
						3,
						0
					],
					[
						29181.8181818182,
						1,
						0
					],
					[
						29318.1818181818,
						0,
						0
					],
					[
						29045.4545454545,
						0,
						0
					],
					[
						28363.6363636364,
						3,
						0
					],
					[
						29621.5909090909,
						3,
						0
					],
					[
						29618.1818181818,
						3,
						0
					],
					[
						29607.9545454545,
						3,
						0
					],
					[
						29601.1363636364,
						3,
						0
					],
					[
						29597.7272727273,
						3,
						0
					],
					[
						29594.3181818182,
						3,
						0
					],
					[
						29590.9090909091,
						3,
						0
					],
					[
						29577.2727272727,
						3,
						0
					],
					[
						29570.4545454545,
						3,
						0
					],
					[
						29563.6363636364,
						3,
						0
					],
					[
						29560.2272727273,
						3,
						0
					],
					[
						29556.8181818182,
						3,
						0
					],
					[
						29553.4090909091,
						3,
						0
					],
					[
						29546.5909090909,
						3,
						0
					],
					[
						29539.7727272727,
						3,
						0
					],
					[
						29532.9545454545,
						3,
						0
					],
					[
						29522.7272727273,
						3,
						0
					],
					[
						29515.9090909091,
						3,
						0
					],
					[
						29512.5,
						3,
						0
					],
					[
						29509.0909090909,
						3,
						0
					],
					[
						29505.6818181818,
						3,
						0
					],
					[
						30197.7272727273,
						3,
						0
					],
					[
						30197.7272727273,
						3,
						0
					],
					[
						30194.3181818182,
						3,
						0
					],
					[
						30194.3181818182,
						3,
						0
					],
					[
						30184.0909090909,
						3,
						0
					],
					[
						30184.0909090909,
						3,
						0
					],
					[
						30180.6818181818,
						3,
						0
					],
					[
						30177.2727272727,
						3,
						0
					],
					[
						30173.8636363636,
						3,
						0
					],
					[
						30160.2272727273,
						3,
						0
					],
					[
						30160.2272727273,
						3,
						0
					],
					[
						30156.8181818182,
						3,
						0
					],
					[
						30150,
						3,
						0
					],
					[
						30146.5909090909,
						3,
						0
					],
					[
						30146.5909090909,
						3,
						0
					],
					[
						30139.7727272727,
						3,
						0
					],
					[
						30132.9545454545,
						3,
						0
					],
					[
						30132.9545454545,
						3,
						0
					],
					[
						30129.5454545455,
						3,
						0
					],
					[
						30122.7272727273,
						3,
						0
					],
					[
						30112.5,
						3,
						0
					],
					[
						30102.2727272727,
						3,
						0
					],
					[
						30098.8636363636,
						3,
						0
					],
					[
						30095.4545454545,
						3,
						0
					],
					[
						30085.2272727273,
						3,
						0
					],
					[
						30085.2272727273,
						3,
						0
					],
					[
						30081.8181818182,
						3,
						0
					],
					[
						30078.4090909091,
						3,
						0
					],
					[
						30075,
						3,
						0
					],
					[
						30057.9545454545,
						3,
						0
					],
					[
						30051.1363636364,
						3,
						0
					],
					[
						30047.7272727273,
						3,
						0
					],
					[
						30047.7272727273,
						3,
						0
					],
					[
						30044.3181818182,
						3,
						0
					],
					[
						30037.5,
						3,
						0
					],
					[
						30030.6818181818,
						3,
						0
					],
					[
						30020.4545454545,
						3,
						0
					],
					[
						30020.4545454545,
						3,
						0
					],
					[
						30013.6363636364,
						3,
						0
					],
					[
						30313.6363636364,
						2,
						0
					],
					[
						30310.2272727273,
						2,
						0
					],
					[
						30306.8181818182,
						2,
						0
					],
					[
						30296.5909090909,
						2,
						0
					],
					[
						30293.1818181818,
						2,
						0
					],
					[
						30289.7727272727,
						2,
						0
					],
					[
						30289.7727272727,
						2,
						0
					],
					[
						30286.3636363636,
						2,
						0
					],
					[
						30286.3636363636,
						2,
						0
					],
					[
						30279.5454545455,
						2,
						0
					],
					[
						30279.5454545455,
						2,
						0
					],
					[
						30272.7272727273,
						2,
						0
					],
					[
						30265.9090909091,
						2,
						0
					],
					[
						30262.5,
						2,
						0
					],
					[
						30252.2727272727,
						2,
						0
					],
					[
						30238.6363636364,
						2,
						0
					],
					[
						30235.2272727273,
						2,
						0
					],
					[
						30225,
						2,
						0
					],
					[
						30221.5909090909,
						2,
						0
					],
					[
						30221.5909090909,
						2,
						0
					],
					[
						30204.5454545455,
						2,
						0
					],
					[
						30194.3181818182,
						2,
						0
					],
					[
						30187.5,
						2,
						0
					],
					[
						30180.6818181818,
						2,
						0
					],
					[
						30177.2727272727,
						2,
						0
					],
					[
						30170.4545454545,
						2,
						0
					],
					[
						30163.6363636364,
						2,
						0
					],
					[
						30364.7727272727,
						1,
						0
					],
					[
						30351.1363636364,
						1,
						0
					],
					[
						30351.1363636364,
						1,
						0
					],
					[
						30344.3181818182,
						1,
						0
					],
					[
						30337.5,
						1,
						0
					],
					[
						30323.8636363636,
						1,
						0
					],
					[
						30310.2272727273,
						1,
						0
					],
					[
						30296.5909090909,
						1,
						0
					],
					[
						30289.7727272727,
						1,
						0
					],
					[
						30282.9545454545,
						1,
						0
					],
					[
						30276.1363636364,
						1,
						0
					],
					[
						30276.1363636364,
						1,
						0
					],
					[
						30269.3181818182,
						1,
						0
					],
					[
						30269.3181818182,
						1,
						0
					],
					[
						30255.6818181818,
						1,
						0
					],
					[
						30252.2727272727,
						1,
						0
					],
					[
						30245.4545454545,
						1,
						0
					],
					[
						30231.8181818182,
						1,
						0
					],
					[
						30225,
						1,
						0
					],
					[
						30218.1818181818,
						1,
						0
					],
					[
						30436.3636363636,
						0,
						0
					],
					[
						30432.9545454545,
						0,
						0
					],
					[
						30429.5454545455,
						0,
						0
					],
					[
						30419.3181818182,
						0,
						0
					],
					[
						30412.5,
						0,
						0
					],
					[
						30402.2727272727,
						0,
						0
					],
					[
						30392.0454545455,
						0,
						0
					],
					[
						30378.4090909091,
						0,
						0
					],
					[
						30378.4090909091,
						0,
						0
					],
					[
						30368.1818181818,
						0,
						0
					],
					[
						30368.1818181818,
						0,
						0
					],
					[
						30364.7727272727,
						0,
						0
					],
					[
						30347.7272727273,
						0,
						0
					],
					[
						30334.0909090909,
						0,
						0
					],
					[
						30330.6818181818,
						0,
						0
					],
					[
						30320.4545454545,
						0,
						0
					],
					[
						30317.0454545455,
						0,
						0
					],
					[
						30310.2272727273,
						0,
						0
					],
					[
						30293.1818181818,
						0,
						0
					],
					[
						29843.1818181818,
						0,
						0
					],
					[
						29829.5454545455,
						0,
						0
					],
					[
						29822.7272727273,
						0,
						0
					],
					[
						29819.3181818182,
						0,
						0
					],
					[
						29788.6363636364,
						0,
						0
					],
					[
						29788.6363636364,
						0,
						0
					],
					[
						29747.7272727273,
						0,
						0
					],
					[
						29744.3181818182,
						0,
						0
					],
					[
						29737.5,
						0,
						0
					],
					[
						29734.0909090909,
						0,
						0
					],
					[
						29727.2727272727,
						0,
						0
					],
					[
						29717.0454545455,
						0,
						0
					],
					[
						29710.2272727273,
						0,
						0
					],
					[
						29700,
						0,
						0
					],
					[
						29696.5909090909,
						0,
						0
					],
					[
						29689.7727272727,
						0,
						0
					],
					[
						29682.9545454545,
						0,
						0
					],
					[
						29676.1363636364,
						0,
						0
					],
					[
						29669.3181818182,
						0,
						0
					],
					[
						29669.3181818182,
						0,
						0
					],
					[
						29665.9090909091,
						0,
						0
					],
					[
						29907.9545454545,
						1,
						0
					],
					[
						29907.9545454545,
						1,
						0
					],
					[
						29901.1363636364,
						1,
						0
					],
					[
						29873.8636363636,
						1,
						0
					],
					[
						29870.4545454545,
						1,
						0
					],
					[
						29863.6363636364,
						1,
						0
					],
					[
						29843.1818181818,
						1,
						0
					],
					[
						29839.7727272727,
						1,
						0
					],
					[
						29832.9545454545,
						1,
						0
					],
					[
						29815.9090909091,
						1,
						0
					],
					[
						29812.5,
						1,
						0
					],
					[
						29805.6818181818,
						1,
						0
					],
					[
						29795.4545454545,
						1,
						0
					],
					[
						29757.9545454545,
						1,
						0
					],
					[
						29969.3181818182,
						2,
						0
					],
					[
						29969.3181818182,
						2,
						0
					],
					[
						29952.2727272727,
						2,
						0
					],
					[
						29952.2727272727,
						2,
						0
					],
					[
						29938.6363636364,
						2,
						0
					],
					[
						29935.2272727273,
						2,
						0
					],
					[
						29925,
						2,
						0
					],
					[
						29914.7727272727,
						2,
						0
					],
					[
						29911.3636363636,
						2,
						0
					],
					[
						29904.5454545455,
						2,
						0
					],
					[
						29897.7272727273,
						2,
						0
					],
					[
						29884.0909090909,
						2,
						0
					],
					[
						29867.0454545455,
						2,
						0
					],
					[
						29867.0454545455,
						2,
						0
					],
					[
						29836.3636363636,
						2,
						0
					],
					[
						29832.9545454545,
						2,
						0
					],
					[
						29822.7272727273,
						2,
						0
					],
					[
						29802.2727272727,
						2,
						0
					]
				],
				"lengthInSteps": 16,
				"mustHitSection": false
			},
			{
				"sectionNotes": [
					[
						30818.1818181818,
						2,
						0
					],
					[
						30954.5454545455,
						3,
						0
					],
					[
						31363.6363636364,
						1,
						0
					],
					[
						31500,
						0,
						0
					],
					[
						31227.2727272727,
						0,
						0
					],
					[
						31909.0909090909,
						2,
						0
					],
					[
						32045.4545454545,
						3,
						0
					],
					[
						31636.3636363636,
						3,
						0
					],
					[
						30545.4545454545,
						3,
						0
					],
					[
						32318.1818181818,
						0,
						0
					],
					[
						32454.5454545455,
						1,
						0
					],
					[
						32590.9090909091,
						0,
						0
					]
				],
				"lengthInSteps": 16,
				"mustHitSection": true
			},
			{
				"sectionNotes": [
					[
						33000,
						2,
						0
					],
					[
						33136.3636363636,
						3,
						0
					],
					[
						33545.4545454545,
						1,
						0
					],
					[
						33681.8181818182,
						0,
						0
					],
					[
						33409.0909090909,
						0,
						0
					],
					[
						32727.2727272727,
						3,
						0
					],
					[
						33818.1818181818,
						2,
						0
					],
					[
						33951.1363636364,
						0,
						0
					],
					[
						34015.9090909091,
						3,
						0
					],
					[
						34131.8181818182,
						2,
						0
					],
					[
						34356.8181818182,
						0,
						0
					],
					[
						34442.0454545455,
						1,
						0
					],
					[
						34530.6818181818,
						2,
						0
					],
					[
						34643.1818181818,
						3,
						0
					],
					[
						34742.0454545455,
						2,
						0
					],
					[
						34817.0454545455,
						1,
						0
					]
				],
				"lengthInSteps": 16,
				"mustHitSection": true
			},
			{
				"sectionNotes": [
					[
						35181.8181818182,
						2,
						0
					],
					[
						35318.1818181818,
						3,
						0
					],
					[
						35727.2727272727,
						1,
						0
					],
					[
						35863.6363636364,
						0,
						0
					],
					[
						35590.9090909091,
						0,
						0
					],
					[
						36272.7272727273,
						2,
						0
					],
					[
						36409.0909090909,
						3,
						0
					],
					[
						36000,
						3,
						0
					],
					[
						34909.0909090909,
						3,
						0
					],
					[
						36681.8181818182,
						0,
						0
					],
					[
						36818.1818181818,
						1,
						0
					],
					[
						36954.5454545455,
						0,
						0
					]
				],
				"lengthInSteps": 16,
				"mustHitSection": false
			},
			{
				"sectionNotes": [
					[
						37090.9090909091,
						2,
						0
					],
					[
						37363.6363636364,
						1,
						0
					],
					[
						37500,
						2,
						0
					],
					[
						37772.7272727273,
						3,
						0
					],
					[
						37909.0909090909,
						0,
						0
					],
					[
						38045.4545454546,
						3,
						0
					],
					[
						38181.8181818182,
						1,
						0
					],
					[
						38454.5454545455,
						2,
						0
					],
					[
						38590.9090909091,
						1,
						0
					],
					[
						38863.6363636364,
						0,
						0
					],
					[
						39000,
						3,
						0
					],
					[
						39136.3636363636,
						0,
						0
					]
				],
				"lengthInSteps": 16,
				"mustHitSection": false
			},
			{
				"sectionNotes": [
					[
						39545.4545454545,
						2,
						0
					],
					[
						39681.8181818182,
						3,
						0
					],
					[
						40090.9090909091,
						1,
						0
					],
					[
						40227.2727272727,
						0,
						0
					],
					[
						39954.5454545454,
						0,
						0
					],
					[
						40636.3636363636,
						2,
						0
					],
					[
						40772.7272727273,
						3,
						0
					],
					[
						40363.6363636364,
						3,
						0
					],
					[
						39272.7272727273,
						3,
						0
					],
					[
						41045.4545454545,
						0,
						0
					],
					[
						41181.8181818182,
						1,
						0
					],
					[
						41318.1818181818,
						0,
						0
					]
				],
				"lengthInSteps": 16,
				"mustHitSection": true
			},
			{
				"sectionNotes": [
					[
						41727.2727272727,
						2,
						0
					],
					[
						41863.6363636364,
						3,
						0
					],
					[
						42272.7272727273,
						1,
						0
					],
					[
						42409.0909090909,
						0,
						0
					],
					[
						42136.3636363636,
						0,
						0
					],
					[
						41454.5454545454,
						3,
						0
					],
					[
						42545.4545454546,
						3,
						0
					],
					[
						42818.1818181818,
						0,
						0
					],
					[
						42954.5454545455,
						1,
						0
					],
					[
						43090.9090909091,
						2,
						0
					],
					[
						43227.2727272727,
						2,
						0
					],
					[
						43500,
						2,
						0
					],
					[
						43363.6363636364,
						2,
						0
					]
				],
				"lengthInSteps": 16,
				"mustHitSection": true
			},
			{
				"sectionNotes": [],
				"lengthInSteps": 16,
				"mustHitSection": false
			},
			{
				"sectionNotes": [],
				"lengthInSteps": 16,
				"mustHitSection": true
			},
			{
				"sectionNotes": [],
				"lengthInSteps": 16,
				"mustHitSection": false
			},
			{
				"sectionNotes": [],
				"lengthInSteps": 16,
				"mustHitSection": true
			},
			{
				"sectionNotes": [],
				"lengthInSteps": 16,
				"mustHitSection": false
			},
			{
				"sectionNotes": [],
				"lengthInSteps": 16,
				"mustHitSection": true
			},
			{
				"sectionNotes": [],
				"lengthInSteps": 16,
				"mustHitSection": false
			},
			{
				"sectionNotes": [],
				"lengthInSteps": 16,
				"mustHitSection": true
			},
			{
				"sectionNotes": [],
				"lengthInSteps": 16,
				"mustHitSection": false
			},
			{
				"sectionNotes": [],
				"lengthInSteps": 16,
				"mustHitSection": true
			},
			{
				"sectionNotes": [],
				"lengthInSteps": 16,
				"mustHitSection": false
			},
			{
				"sectionNotes": [],
				"lengthInSteps": 16,
				"mustHitSection": true
			},
			{
				"lengthInSteps": 16,
				"typeOfSection": 0,
				"sectionNotes": [],
				"altAnim": false,
				"bpm": 100,
				"changeBPM": false,
				"mustHitSection": false
			},
			{
				"lengthInSteps": 16,
				"typeOfSection": 0,
				"sectionNotes": [],
				"altAnim": false,
				"bpm": 100,
				"changeBPM": false,
				"mustHitSection": true
			},
			{
				"lengthInSteps": 16,
				"typeOfSection": 0,
				"sectionNotes": [],
				"altAnim": false,
				"bpm": 110,
				"changeBPM": false,
				"mustHitSection": false
			},
			{
				"lengthInSteps": 16,
				"typeOfSection": 0,
				"sectionNotes": [],
				"altAnim": false,
				"bpm": 110,
				"changeBPM": false,
				"mustHitSection": true
			},
			{
				"sectionNotes": [],
				"typeOfSection": 0,
				"lengthInSteps": 16,
				"altAnim": false,
				"mustHitSection": true,
				"changeBPM": false,
				"bpm": 110
			},
			{
				"sectionNotes": [],
				"typeOfSection": 0,
				"lengthInSteps": 16,
				"altAnim": false,
				"mustHitSection": true,
				"changeBPM": false,
				"bpm": 110
			},
			{
				"lengthInSteps": 16,
				"altAnim": false,
				"typeOfSection": 0,
				"sectionNotes": [],
				"bpm": 110,
				"changeBPM": false,
				"mustHitSection": true
			}
		],
		"player2": "bambi",
		"player3": "gf",
		"song": "popcorn",
		"stage": "farm",
		"needsVoices": false,
		"validScore": true,
		"bpm": 110,
		"speed": 1.7
	}
}