{
	"animations": [
		{
			"loop": false,
			"offsets": [
				-141,
				-435
			],
			"anim": "singLEFT",
			"fps": 24,
			"name": "left",
			"indices": []
		},
		{
			"loop": false,
			"offsets": [
				-154,
				-435
			],
			"anim": "singRIGHT",
			"fps": 24,
			"name": "right",
			"indices": []
		},
		{
			"loop": false,
			"offsets": [
				-140,
				-478
			],
			"anim": "singDOWN",
			"fps": 24,
			"name": "down",
			"indices": []
		},
		{
			"loop": false,
			"offsets": [
				-88,
				-425
			],
			"anim": "singUP",
			"fps": 24,
			"name": "up",
			"indices": []
		},
		{
			"offsets": [
				-140,
				-430
			],
			"indices": [],
			"fps": 24,
			"anim": "idle",
			"loop": true,
			"name": "cool"
		}
	],
	"no_antialiasing": false,
	"image": "characters/bambi_chillingwiththecorn",
	"position": [
		0,
		0
	],
	"healthicon": "bambi",
	"flip_x": false,
	"healthbar_colors": [
		0,
		185,
		0
	],
	"camera_position": [
		130,
		410
	],
	"sing_duration": 4,
	"scale": 1.1
}