{
	"animations": [
		{
			"loop": false,
			"offsets": [
				-120,
				-350
			],
			"anim": "idle",
			"fps": 24,
			"name": "MARCELLO idle dance",
			"indices": []
		},
		{
			"loop": false,
			"offsets": [
				-110,
				-358
			],
			"anim": "singDOWN",
			"fps": 24,
			"name": "MARCELLO NOTE DOWN",
			"indices": []
		},
		{
			"loop": false,
			"offsets": [
				-111,
				-345
			],
			"anim": "singLEFT",
			"fps": 24,
			"name": "MARCELLO NOTE LEFT",
			"indices": []
		},
		{
			"loop": false,
			"offsets": [
				-98,
				-345
			],
			"anim": "singUP",
			"fps": 24,
			"name": "MARCELLO NOTE UP",
			"indices": []
		},
		{
			"loop": false,
			"offsets": [
				-114,
				-355
			],
			"anim": "singRIGHT",
			"fps": 24,
			"name": "MARCELLO NOTE RIGHT",
			"indices": []
		}
	],
	"no_antialiasing": false,
	"image": "characters/bambi-old",
	"position": [
		0,
		0
	],
	"healthicon": "bambiold",
	"flip_x": true,
	"healthbar_colors": [
		0,
		185,
		0
	],
	"camera_position": [
		130,
		350
	],
	"sing_duration": 4,
	"scale": 1
}