﻿<?xml version="1.0" encoding="utf-8"?>
<TextureAtlas imagePath="Bambi_WaitWhatNow.png">
	<!-- Created with Adobe Animate version 21.0.7.42652 -->
	<!-- http://www.adobe.com/products/animate.html -->
	<SubTexture name="what0000" x="0" y="0" width="235" height="268"/>
	<SubTexture name="what0001" x="0" y="0" width="235" height="268"/>
	<SubTexture name="what0002" x="239" y="0" width="235" height="268"/>
	<SubTexture name="what0003" x="239" y="0" width="235" height="268"/>
	<SubTexture name="what0004" x="478" y="0" width="235" height="268"/>
	<SubTexture name="what0005" x="478" y="0" width="235" height="268"/>
	<SubTexture name="what0006" x="239" y="0" width="235" height="268"/>
	<SubTexture name="what0007" x="239" y="0" width="235" height="268"/>
</TextureAtlas>
