﻿<?xml version="1.0" encoding="utf-8"?>
<TextureAtlas imagePath="bambi.png">
	<!-- Created with Adobe Animate version 20.0.0.17400 -->
	<!-- http://www.adobe.com/products/animate.html -->
	<SubTexture name="MARCELLO Dead Loop0000" x="7315" y="988" width="439" height="412" frameX="0" frameY="-6" frameWidth="439" frameHeight="445"/>
	<SubTexture name="MARCELLO HEY!!0000" x="5388" y="509" width="395" height="416" frameX="0" frameY="0" frameWidth="415" frameHeight="418"/>
	<SubTexture name="MARCELLO HEY!!0001" x="5388" y="509" width="395" height="416" frameX="0" frameY="0" frameWidth="415" frameHeight="418"/>
	<SubTexture name="MARCELLO HEY!!0002" x="5793" y="509" width="413" height="410" frameX="-1" frameY="-8" frameWidth="415" frameHeight="418"/>
	<SubTexture name="MARCELLO HEY!!0003" x="5793" y="509" width="413" height="410" frameX="-1" frameY="-8" frameWidth="415" frameHeight="418"/>
	<SubTexture name="MARCELLO HEY!!0004" x="6216" y="509" width="414" height="412" frameX="-1" frameY="-6" frameWidth="415" frameHeight="418"/>
	<SubTexture name="MARCELLO HEY!!0005" x="6216" y="509" width="414" height="412" frameX="-1" frameY="-6" frameWidth="415" frameHeight="418"/>
	<SubTexture name="MARCELLO HEY!!0006" x="6216" y="509" width="414" height="412" frameX="-1" frameY="-6" frameWidth="415" frameHeight="418"/>
	<SubTexture name="MARCELLO HEY!!0007" x="6216" y="509" width="414" height="412" frameX="-1" frameY="-6" frameWidth="415" frameHeight="418"/>
	<SubTexture name="MARCELLO HEY!!0008" x="6216" y="509" width="414" height="412" frameX="-1" frameY="-6" frameWidth="415" frameHeight="418"/>
	<SubTexture name="MARCELLO HEY!!0009" x="6216" y="509" width="414" height="412" frameX="-1" frameY="-6" frameWidth="415" frameHeight="418"/>
	<SubTexture name="MARCELLO HEY!!0010" x="6216" y="509" width="414" height="412" frameX="-1" frameY="-6" frameWidth="415" frameHeight="418"/>
	<SubTexture name="MARCELLO HEY!!0011" x="6216" y="509" width="414" height="412" frameX="-1" frameY="-6" frameWidth="415" frameHeight="418"/>
	<SubTexture name="MARCELLO HEY!!0012" x="6216" y="509" width="414" height="412" frameX="-1" frameY="-6" frameWidth="415" frameHeight="418"/>
	<SubTexture name="MARCELLO HEY!!0013" x="6216" y="509" width="414" height="412" frameX="-1" frameY="-6" frameWidth="415" frameHeight="418"/>
	<SubTexture name="MARCELLO HEY!!0014" x="6216" y="509" width="414" height="412" frameX="-1" frameY="-6" frameWidth="415" frameHeight="418"/>
	<SubTexture name="MARCELLO HEY!!0015" x="6216" y="509" width="414" height="412" frameX="-1" frameY="-6" frameWidth="415" frameHeight="418"/>
	<SubTexture name="MARCELLO HEY!!0016" x="6216" y="509" width="414" height="412" frameX="-1" frameY="-6" frameWidth="415" frameHeight="418"/>
	<SubTexture name="MARCELLO HEY!!0017" x="6216" y="509" width="414" height="412" frameX="-1" frameY="-6" frameWidth="415" frameHeight="418"/>
	<SubTexture name="MARCELLO HEY!!0018" x="6216" y="509" width="414" height="412" frameX="-1" frameY="-6" frameWidth="415" frameHeight="418"/>
	<SubTexture name="MARCELLO HEY!!0019" x="6216" y="509" width="414" height="412" frameX="-1" frameY="-6" frameWidth="415" frameHeight="418"/>
	<SubTexture name="MARCELLO HEY!!0020" x="6216" y="509" width="414" height="412" frameX="-1" frameY="-6" frameWidth="415" frameHeight="418"/>
	<SubTexture name="MARCELLO HEY!!0021" x="6216" y="509" width="414" height="412" frameX="-1" frameY="-6" frameWidth="415" frameHeight="418"/>
	<SubTexture name="MARCELLO HEY!!0022" x="6216" y="509" width="414" height="412" frameX="-1" frameY="-6" frameWidth="415" frameHeight="418"/>
	<SubTexture name="MARCELLO HEY!!0023" x="6216" y="509" width="414" height="412" frameX="-1" frameY="-6" frameWidth="415" frameHeight="418"/>
	<SubTexture name="MARCELLO HEY!!0024" x="6216" y="509" width="414" height="412" frameX="-1" frameY="-6" frameWidth="415" frameHeight="418"/>
	<SubTexture name="MARCELLO HEY!!0025" x="6216" y="509" width="414" height="412" frameX="-1" frameY="-6" frameWidth="415" frameHeight="418"/>
	<SubTexture name="MARCELLO NOTE DOWN0000" x="6640" y="509" width="374" height="357" frameX="-1" frameY="-5" frameWidth="375" frameHeight="362"/>
	<SubTexture name="MARCELLO NOTE DOWN0001" x="6640" y="509" width="374" height="357" frameX="-1" frameY="-5" frameWidth="375" frameHeight="362"/>
	<SubTexture name="MARCELLO NOTE DOWN0002" x="7024" y="509" width="373" height="362" frameX="0" frameY="0" frameWidth="375" frameHeight="362"/>
	<SubTexture name="MARCELLO NOTE DOWN0003" x="7024" y="509" width="373" height="362" frameX="0" frameY="0" frameWidth="375" frameHeight="362"/>
	<SubTexture name="MARCELLO NOTE DOWN0004" x="7024" y="509" width="373" height="362" frameX="0" frameY="0" frameWidth="375" frameHeight="362"/>
	<SubTexture name="MARCELLO NOTE DOWN0005" x="7024" y="509" width="373" height="362" frameX="0" frameY="0" frameWidth="375" frameHeight="362"/>
	<SubTexture name="MARCELLO NOTE DOWN0006" x="7024" y="509" width="373" height="362" frameX="0" frameY="0" frameWidth="375" frameHeight="362"/>
	<SubTexture name="MARCELLO NOTE DOWN0007" x="7024" y="509" width="373" height="362" frameX="0" frameY="0" frameWidth="375" frameHeight="362"/>
	<SubTexture name="MARCELLO NOTE DOWN0008" x="7024" y="509" width="373" height="362" frameX="0" frameY="0" frameWidth="375" frameHeight="362"/>
	<SubTexture name="MARCELLO NOTE DOWN0009" x="7024" y="509" width="373" height="362" frameX="0" frameY="0" frameWidth="375" frameHeight="362"/>
	<SubTexture name="MARCELLO NOTE DOWN0010" x="7024" y="509" width="373" height="362" frameX="0" frameY="0" frameWidth="375" frameHeight="362"/>
	<SubTexture name="MARCELLO NOTE DOWN0011" x="7024" y="509" width="373" height="362" frameX="0" frameY="0" frameWidth="375" frameHeight="362"/>
	<SubTexture name="MARCELLO NOTE DOWN0012" x="7024" y="509" width="373" height="362" frameX="0" frameY="0" frameWidth="375" frameHeight="362"/>
	<SubTexture name="MARCELLO NOTE DOWN0013" x="7024" y="509" width="373" height="362" frameX="0" frameY="0" frameWidth="375" frameHeight="362"/>
	<SubTexture name="MARCELLO NOTE DOWN0014" x="7024" y="509" width="373" height="362" frameX="0" frameY="0" frameWidth="375" frameHeight="362"/>
	<SubTexture name="MARCELLO NOTE DOWN0015" x="7024" y="509" width="373" height="362" frameX="0" frameY="0" frameWidth="375" frameHeight="362"/>
	<SubTexture name="MARCELLO NOTE DOWN0016" x="7024" y="509" width="373" height="362" frameX="0" frameY="0" frameWidth="375" frameHeight="362"/>
	<SubTexture name="MARCELLO NOTE DOWN0017" x="7024" y="509" width="373" height="362" frameX="0" frameY="0" frameWidth="375" frameHeight="362"/>
	<SubTexture name="MARCELLO NOTE DOWN0018" x="7024" y="509" width="373" height="362" frameX="0" frameY="0" frameWidth="375" frameHeight="362"/>
	<SubTexture name="MARCELLO NOTE DOWN0019" x="7024" y="509" width="373" height="362" frameX="0" frameY="0" frameWidth="375" frameHeight="362"/>
	<SubTexture name="MARCELLO NOTE DOWN0020" x="7024" y="509" width="373" height="362" frameX="0" frameY="0" frameWidth="375" frameHeight="362"/>
	<SubTexture name="MARCELLO NOTE DOWN0021" x="7024" y="509" width="373" height="362" frameX="0" frameY="0" frameWidth="375" frameHeight="362"/>
	<SubTexture name="MARCELLO NOTE DOWN0022" x="7024" y="509" width="373" height="362" frameX="0" frameY="0" frameWidth="375" frameHeight="362"/>
	<SubTexture name="MARCELLO NOTE DOWN0023" x="7024" y="509" width="373" height="362" frameX="0" frameY="0" frameWidth="375" frameHeight="362"/>
	<SubTexture name="MARCELLO NOTE DOWN0024" x="7024" y="509" width="373" height="362" frameX="0" frameY="0" frameWidth="375" frameHeight="362"/>
	<SubTexture name="MARCELLO NOTE DOWN0025" x="7024" y="509" width="373" height="362" frameX="0" frameY="0" frameWidth="375" frameHeight="362"/>
	<SubTexture name="MARCELLO NOTE DOWN0026" x="7024" y="509" width="373" height="362" frameX="0" frameY="0" frameWidth="375" frameHeight="362"/>
	<SubTexture name="MARCELLO NOTE DOWN0027" x="7024" y="509" width="373" height="362" frameX="0" frameY="0" frameWidth="375" frameHeight="362"/>
	<SubTexture name="MARCELLO NOTE DOWN0028" x="7024" y="509" width="373" height="362" frameX="0" frameY="0" frameWidth="375" frameHeight="362"/>
	<SubTexture name="MARCELLO NOTE DOWN0029" x="7024" y="509" width="373" height="362" frameX="0" frameY="0" frameWidth="375" frameHeight="362"/>
	<SubTexture name="MARCELLO NOTE DOWN MISS0000" x="6640" y="509" width="374" height="357" frameX="-1" frameY="-35" frameWidth="375" frameHeight="362"/>
	<SubTexture name="MARCELLO NOTE DOWN MISS0001" x="7407" y="509" width="376" height="392" frameX="-1" frameY="0" frameWidth="378" frameHeight="392"/>
	<SubTexture name="MARCELLO NOTE DOWN MISS0002" x="7407" y="509" width="376" height="392" frameX="-1" frameY="0" frameWidth="378" frameHeight="392"/>
	<SubTexture name="MARCELLO NOTE DOWN MISS0003" x="7793" y="509" width="378" height="388" frameX="0" frameY="-4" frameWidth="378" frameHeight="392"/>
	<SubTexture name="MARCELLO NOTE DOWN MISS0004" x="7793" y="509" width="378" height="388" frameX="0" frameY="-4" frameWidth="378" frameHeight="392"/>
	<SubTexture name="MARCELLO NOTE DOWN MISS0005" x="7793" y="509" width="378" height="388" frameX="0" frameY="-4" frameWidth="378" frameHeight="392"/>
	<SubTexture name="MARCELLO NOTE DOWN MISS0006" x="7793" y="509" width="378" height="388" frameX="0" frameY="-4" frameWidth="378" frameHeight="392"/>
	<SubTexture name="MARCELLO NOTE DOWN MISS0007" x="7793" y="509" width="378" height="388" frameX="0" frameY="-4" frameWidth="378" frameHeight="392"/>
	<SubTexture name="MARCELLO NOTE DOWN MISS0008" x="7793" y="509" width="378" height="388" frameX="0" frameY="-4" frameWidth="378" frameHeight="392"/>
	<SubTexture name="MARCELLO NOTE DOWN MISS0009" x="7793" y="509" width="378" height="388" frameX="0" frameY="-4" frameWidth="378" frameHeight="392"/>
	<SubTexture name="MARCELLO NOTE DOWN MISS0010" x="7793" y="509" width="378" height="388" frameX="0" frameY="-4" frameWidth="378" frameHeight="392"/>
	<SubTexture name="MARCELLO NOTE DOWN MISS0011" x="7793" y="509" width="378" height="388" frameX="0" frameY="-4" frameWidth="378" frameHeight="392"/>
	<SubTexture name="MARCELLO NOTE DOWN MISS0012" x="7793" y="509" width="378" height="388" frameX="0" frameY="-4" frameWidth="378" frameHeight="392"/>
	<SubTexture name="MARCELLO NOTE DOWN MISS0013" x="7793" y="509" width="378" height="388" frameX="0" frameY="-4" frameWidth="378" frameHeight="392"/>
	<SubTexture name="MARCELLO NOTE DOWN MISS0014" x="7793" y="509" width="378" height="388" frameX="0" frameY="-4" frameWidth="378" frameHeight="392"/>
	<SubTexture name="MARCELLO NOTE DOWN MISS0015" x="7793" y="509" width="378" height="388" frameX="0" frameY="-4" frameWidth="378" frameHeight="392"/>
	<SubTexture name="MARCELLO NOTE DOWN MISS0016" x="7793" y="509" width="378" height="388" frameX="0" frameY="-4" frameWidth="378" frameHeight="392"/>
	<SubTexture name="MARCELLO NOTE DOWN MISS0017" x="7793" y="509" width="378" height="388" frameX="0" frameY="-4" frameWidth="378" frameHeight="392"/>
	<SubTexture name="MARCELLO NOTE DOWN MISS0018" x="7793" y="509" width="378" height="388" frameX="0" frameY="-4" frameWidth="378" frameHeight="392"/>
	<SubTexture name="MARCELLO NOTE DOWN MISS0019" x="7793" y="509" width="378" height="388" frameX="0" frameY="-4" frameWidth="378" frameHeight="392"/>
	<SubTexture name="MARCELLO NOTE DOWN MISS0020" x="7793" y="509" width="378" height="388" frameX="0" frameY="-4" frameWidth="378" frameHeight="392"/>
	<SubTexture name="MARCELLO NOTE DOWN MISS0021" x="7793" y="509" width="378" height="388" frameX="0" frameY="-4" frameWidth="378" frameHeight="392"/>
	<SubTexture name="MARCELLO NOTE DOWN MISS0022" x="7793" y="509" width="378" height="388" frameX="0" frameY="-4" frameWidth="378" frameHeight="392"/>
	<SubTexture name="MARCELLO NOTE DOWN MISS0023" x="7793" y="509" width="378" height="388" frameX="0" frameY="-4" frameWidth="378" frameHeight="392"/>
	<SubTexture name="MARCELLO NOTE DOWN MISS0024" x="7793" y="509" width="378" height="388" frameX="0" frameY="-4" frameWidth="378" frameHeight="392"/>
	<SubTexture name="MARCELLO NOTE DOWN MISS0025" x="7793" y="509" width="378" height="388" frameX="0" frameY="-4" frameWidth="378" frameHeight="392"/>
	<SubTexture name="MARCELLO NOTE DOWN MISS0026" x="7793" y="509" width="378" height="388" frameX="0" frameY="-4" frameWidth="378" frameHeight="392"/>
	<SubTexture name="MARCELLO NOTE DOWN MISS0027" x="7793" y="509" width="378" height="388" frameX="0" frameY="-4" frameWidth="378" frameHeight="392"/>
	<SubTexture name="MARCELLO NOTE DOWN MISS0028" x="7793" y="509" width="378" height="388" frameX="0" frameY="-4" frameWidth="378" frameHeight="392"/>
	<SubTexture name="MARCELLO NOTE LEFT0000" x="0" y="988" width="383" height="406" frameX="0" frameY="0" frameWidth="385" frameHeight="406"/>
	<SubTexture name="MARCELLO NOTE LEFT0001" x="0" y="988" width="383" height="406" frameX="0" frameY="0" frameWidth="385" frameHeight="406"/>
	<SubTexture name="MARCELLO NOTE LEFT0002" x="393" y="988" width="374" height="404" frameX="-11" frameY="-2" frameWidth="385" frameHeight="406"/>
	<SubTexture name="MARCELLO NOTE LEFT0003" x="393" y="988" width="374" height="404" frameX="-11" frameY="-2" frameWidth="385" frameHeight="406"/>
	<SubTexture name="MARCELLO NOTE LEFT0004" x="393" y="988" width="374" height="404" frameX="-11" frameY="-2" frameWidth="385" frameHeight="406"/>
	<SubTexture name="MARCELLO NOTE LEFT0005" x="393" y="988" width="374" height="404" frameX="-11" frameY="-2" frameWidth="385" frameHeight="406"/>
	<SubTexture name="MARCELLO NOTE LEFT0006" x="393" y="988" width="374" height="404" frameX="-11" frameY="-2" frameWidth="385" frameHeight="406"/>
	<SubTexture name="MARCELLO NOTE LEFT0007" x="393" y="988" width="374" height="404" frameX="-11" frameY="-2" frameWidth="385" frameHeight="406"/>
	<SubTexture name="MARCELLO NOTE LEFT0008" x="393" y="988" width="374" height="404" frameX="-11" frameY="-2" frameWidth="385" frameHeight="406"/>
	<SubTexture name="MARCELLO NOTE LEFT0009" x="393" y="988" width="374" height="404" frameX="-11" frameY="-2" frameWidth="385" frameHeight="406"/>
	<SubTexture name="MARCELLO NOTE LEFT0010" x="393" y="988" width="374" height="404" frameX="-11" frameY="-2" frameWidth="385" frameHeight="406"/>
	<SubTexture name="MARCELLO NOTE LEFT0011" x="393" y="988" width="374" height="404" frameX="-11" frameY="-2" frameWidth="385" frameHeight="406"/>
	<SubTexture name="MARCELLO NOTE LEFT0012" x="393" y="988" width="374" height="404" frameX="-11" frameY="-2" frameWidth="385" frameHeight="406"/>
	<SubTexture name="MARCELLO NOTE LEFT0013" x="393" y="988" width="374" height="404" frameX="-11" frameY="-2" frameWidth="385" frameHeight="406"/>
	<SubTexture name="MARCELLO NOTE LEFT0014" x="393" y="988" width="374" height="404" frameX="-11" frameY="-2" frameWidth="385" frameHeight="406"/>
	<SubTexture name="MARCELLO NOTE LEFT MISS0000" x="777" y="988" width="383" height="406" frameX="0" frameY="-26" frameWidth="384" frameHeight="432"/>
	<SubTexture name="MARCELLO NOTE LEFT MISS0001" x="1170" y="988" width="369" height="430" frameX="-15" frameY="0" frameWidth="384" frameHeight="432"/>
	<SubTexture name="MARCELLO NOTE LEFT MISS0002" x="1170" y="988" width="369" height="430" frameX="-15" frameY="0" frameWidth="384" frameHeight="432"/>
	<SubTexture name="MARCELLO NOTE LEFT MISS0003" x="1549" y="988" width="370" height="430" frameX="-13" frameY="0" frameWidth="384" frameHeight="432"/>
	<SubTexture name="MARCELLO NOTE LEFT MISS0004" x="1549" y="988" width="370" height="430" frameX="-13" frameY="0" frameWidth="384" frameHeight="432"/>
	<SubTexture name="MARCELLO NOTE LEFT MISS0005" x="1549" y="988" width="370" height="430" frameX="-13" frameY="0" frameWidth="384" frameHeight="432"/>
	<SubTexture name="MARCELLO NOTE LEFT MISS0006" x="1549" y="988" width="370" height="430" frameX="-13" frameY="0" frameWidth="384" frameHeight="432"/>
	<SubTexture name="MARCELLO NOTE LEFT MISS0007" x="1549" y="988" width="370" height="430" frameX="-13" frameY="0" frameWidth="384" frameHeight="432"/>
	<SubTexture name="MARCELLO NOTE LEFT MISS0008" x="1549" y="988" width="370" height="430" frameX="-13" frameY="0" frameWidth="384" frameHeight="432"/>
	<SubTexture name="MARCELLO NOTE LEFT MISS0009" x="1549" y="988" width="370" height="430" frameX="-13" frameY="0" frameWidth="384" frameHeight="432"/>
	<SubTexture name="MARCELLO NOTE LEFT MISS0010" x="1549" y="988" width="370" height="430" frameX="-13" frameY="0" frameWidth="384" frameHeight="432"/>
	<SubTexture name="MARCELLO NOTE LEFT MISS0011" x="1549" y="988" width="370" height="430" frameX="-13" frameY="0" frameWidth="384" frameHeight="432"/>
	<SubTexture name="MARCELLO NOTE LEFT MISS0012" x="1549" y="988" width="370" height="430" frameX="-13" frameY="0" frameWidth="384" frameHeight="432"/>
	<SubTexture name="MARCELLO NOTE LEFT MISS0013" x="1549" y="988" width="370" height="430" frameX="-13" frameY="0" frameWidth="384" frameHeight="432"/>
	<SubTexture name="MARCELLO NOTE LEFT MISS0014" x="1549" y="988" width="370" height="430" frameX="-13" frameY="0" frameWidth="384" frameHeight="432"/>
	<SubTexture name="MARCELLO NOTE LEFT MISS0015" x="1549" y="988" width="370" height="430" frameX="-13" frameY="0" frameWidth="384" frameHeight="432"/>
	<SubTexture name="MARCELLO NOTE LEFT MISS0016" x="1549" y="988" width="370" height="430" frameX="-13" frameY="0" frameWidth="384" frameHeight="432"/>
	<SubTexture name="MARCELLO NOTE LEFT MISS0017" x="1549" y="988" width="370" height="430" frameX="-13" frameY="0" frameWidth="384" frameHeight="432"/>
	<SubTexture name="MARCELLO NOTE LEFT MISS0018" x="1549" y="988" width="370" height="430" frameX="-13" frameY="0" frameWidth="384" frameHeight="432"/>
	<SubTexture name="MARCELLO NOTE LEFT MISS0019" x="1549" y="988" width="370" height="430" frameX="-13" frameY="0" frameWidth="384" frameHeight="432"/>
	<SubTexture name="MARCELLO NOTE LEFT MISS0020" x="1549" y="988" width="370" height="430" frameX="-13" frameY="0" frameWidth="384" frameHeight="432"/>
	<SubTexture name="MARCELLO NOTE LEFT MISS0021" x="1549" y="988" width="370" height="430" frameX="-13" frameY="0" frameWidth="384" frameHeight="432"/>
	<SubTexture name="MARCELLO NOTE LEFT MISS0022" x="1549" y="988" width="370" height="430" frameX="-13" frameY="0" frameWidth="384" frameHeight="432"/>
	<SubTexture name="MARCELLO NOTE LEFT MISS0023" x="1549" y="988" width="370" height="430" frameX="-13" frameY="0" frameWidth="384" frameHeight="432"/>
	<SubTexture name="MARCELLO NOTE LEFT MISS0024" x="1549" y="988" width="370" height="430" frameX="-13" frameY="0" frameWidth="384" frameHeight="432"/>
	<SubTexture name="MARCELLO NOTE LEFT MISS0025" x="1549" y="988" width="370" height="430" frameX="-13" frameY="0" frameWidth="384" frameHeight="432"/>
	<SubTexture name="MARCELLO NOTE LEFT MISS0026" x="1549" y="988" width="370" height="430" frameX="-13" frameY="0" frameWidth="384" frameHeight="432"/>
	<SubTexture name="MARCELLO NOTE LEFT MISS0027" x="1549" y="988" width="370" height="430" frameX="-13" frameY="0" frameWidth="384" frameHeight="432"/>
	<SubTexture name="MARCELLO NOTE LEFT MISS0028" x="1549" y="988" width="370" height="430" frameX="-13" frameY="0" frameWidth="384" frameHeight="432"/>
	<SubTexture name="MARCELLO NOTE LEFT MISS0029" x="1549" y="988" width="370" height="430" frameX="-13" frameY="0" frameWidth="384" frameHeight="432"/>
	<SubTexture name="MARCELLO NOTE LEFT MISS0030" x="1549" y="988" width="370" height="430" frameX="-13" frameY="0" frameWidth="384" frameHeight="432"/>
	<SubTexture name="MARCELLO NOTE LEFT MISS0031" x="1549" y="988" width="370" height="430" frameX="-13" frameY="0" frameWidth="384" frameHeight="432"/>
	<SubTexture name="MARCELLO NOTE LEFT MISS0032" x="1549" y="988" width="370" height="430" frameX="-13" frameY="0" frameWidth="384" frameHeight="432"/>
	<SubTexture name="MARCELLO NOTE LEFT MISS0033" x="1549" y="988" width="370" height="430" frameX="-13" frameY="0" frameWidth="384" frameHeight="432"/>
	<SubTexture name="MARCELLO NOTE RIGHT0000" x="1929" y="988" width="408" height="405" frameX="-1" frameY="-2" frameWidth="409" frameHeight="407"/>
	<SubTexture name="MARCELLO NOTE RIGHT0001" x="1929" y="988" width="408" height="405" frameX="-1" frameY="-2" frameWidth="409" frameHeight="407"/>
	<SubTexture name="MARCELLO NOTE RIGHT0002" x="2347" y="988" width="408" height="407" frameX="0" frameY="0" frameWidth="409" frameHeight="407"/>
	<SubTexture name="MARCELLO NOTE RIGHT0003" x="2347" y="988" width="408" height="407" frameX="0" frameY="0" frameWidth="409" frameHeight="407"/>
	<SubTexture name="MARCELLO NOTE RIGHT0004" x="2347" y="988" width="408" height="407" frameX="0" frameY="0" frameWidth="409" frameHeight="407"/>
	<SubTexture name="MARCELLO NOTE RIGHT0005" x="2347" y="988" width="408" height="407" frameX="0" frameY="0" frameWidth="409" frameHeight="407"/>
	<SubTexture name="MARCELLO NOTE RIGHT0006" x="2347" y="988" width="408" height="407" frameX="0" frameY="0" frameWidth="409" frameHeight="407"/>
	<SubTexture name="MARCELLO NOTE RIGHT0007" x="2347" y="988" width="408" height="407" frameX="0" frameY="0" frameWidth="409" frameHeight="407"/>
	<SubTexture name="MARCELLO NOTE RIGHT0008" x="2347" y="988" width="408" height="407" frameX="0" frameY="0" frameWidth="409" frameHeight="407"/>
	<SubTexture name="MARCELLO NOTE RIGHT0009" x="2347" y="988" width="408" height="407" frameX="0" frameY="0" frameWidth="409" frameHeight="407"/>
	<SubTexture name="MARCELLO NOTE RIGHT0010" x="2347" y="988" width="408" height="407" frameX="0" frameY="0" frameWidth="409" frameHeight="407"/>
	<SubTexture name="MARCELLO NOTE RIGHT0011" x="2347" y="988" width="408" height="407" frameX="0" frameY="0" frameWidth="409" frameHeight="407"/>
	<SubTexture name="MARCELLO NOTE RIGHT0012" x="2347" y="988" width="408" height="407" frameX="0" frameY="0" frameWidth="409" frameHeight="407"/>
	<SubTexture name="MARCELLO NOTE RIGHT0013" x="2347" y="988" width="408" height="407" frameX="0" frameY="0" frameWidth="409" frameHeight="407"/>
	<SubTexture name="MARCELLO NOTE RIGHT0014" x="2347" y="988" width="408" height="407" frameX="0" frameY="0" frameWidth="409" frameHeight="407"/>
	<SubTexture name="MARCELLO NOTE RIGHT0015" x="2347" y="988" width="408" height="407" frameX="0" frameY="0" frameWidth="409" frameHeight="407"/>
	<SubTexture name="MARCELLO NOTE RIGHT0016" x="2347" y="988" width="408" height="407" frameX="0" frameY="0" frameWidth="409" frameHeight="407"/>
	<SubTexture name="MARCELLO NOTE RIGHT0017" x="2347" y="988" width="408" height="407" frameX="0" frameY="0" frameWidth="409" frameHeight="407"/>
	<SubTexture name="MARCELLO NOTE RIGHT0018" x="2347" y="988" width="408" height="407" frameX="0" frameY="0" frameWidth="409" frameHeight="407"/>
	<SubTexture name="MARCELLO NOTE RIGHT0019" x="2347" y="988" width="408" height="407" frameX="0" frameY="0" frameWidth="409" frameHeight="407"/>
	<SubTexture name="MARCELLO NOTE RIGHT0020" x="2347" y="988" width="408" height="407" frameX="0" frameY="0" frameWidth="409" frameHeight="407"/>
	<SubTexture name="MARCELLO NOTE RIGHT0021" x="2347" y="988" width="408" height="407" frameX="0" frameY="0" frameWidth="409" frameHeight="407"/>
	<SubTexture name="MARCELLO NOTE RIGHT0022" x="2347" y="988" width="408" height="407" frameX="0" frameY="0" frameWidth="409" frameHeight="407"/>
	<SubTexture name="MARCELLO NOTE RIGHT0023" x="2347" y="988" width="408" height="407" frameX="0" frameY="0" frameWidth="409" frameHeight="407"/>
	<SubTexture name="MARCELLO NOTE RIGHT0024" x="2347" y="988" width="408" height="407" frameX="0" frameY="0" frameWidth="409" frameHeight="407"/>
	<SubTexture name="MARCELLO NOTE RIGHT0025" x="2347" y="988" width="408" height="407" frameX="0" frameY="0" frameWidth="409" frameHeight="407"/>
	<SubTexture name="MARCELLO NOTE RIGHT0026" x="2347" y="988" width="408" height="407" frameX="0" frameY="0" frameWidth="409" frameHeight="407"/>
	<SubTexture name="MARCELLO NOTE RIGHT0027" x="2347" y="988" width="408" height="407" frameX="0" frameY="0" frameWidth="409" frameHeight="407"/>
	<SubTexture name="MARCELLO NOTE RIGHT0028" x="2347" y="988" width="408" height="407" frameX="0" frameY="0" frameWidth="409" frameHeight="407"/>
	<SubTexture name="MARCELLO NOTE RIGHT0029" x="2347" y="988" width="408" height="407" frameX="0" frameY="0" frameWidth="409" frameHeight="407"/>
	<SubTexture name="MARCELLO NOTE RIGHT0030" x="2347" y="988" width="408" height="407" frameX="0" frameY="0" frameWidth="409" frameHeight="407"/>
	<SubTexture name="MARCELLO NOTE RIGHT0031" x="2347" y="988" width="408" height="407" frameX="0" frameY="0" frameWidth="409" frameHeight="407"/>
	<SubTexture name="MARCELLO NOTE RIGHT0032" x="2347" y="988" width="408" height="407" frameX="0" frameY="0" frameWidth="409" frameHeight="407"/>
	<SubTexture name="MARCELLO NOTE RIGHT0033" x="2347" y="988" width="408" height="407" frameX="0" frameY="0" frameWidth="409" frameHeight="407"/>
	<SubTexture name="MARCELLO NOTE RIGHT0034" x="2347" y="988" width="408" height="407" frameX="0" frameY="0" frameWidth="409" frameHeight="407"/>
	<SubTexture name="MARCELLO NOTE RIGHT0035" x="2347" y="988" width="408" height="407" frameX="0" frameY="0" frameWidth="409" frameHeight="407"/>
	<SubTexture name="MARCELLO NOTE RIGHT0036" x="2347" y="988" width="408" height="407" frameX="0" frameY="0" frameWidth="409" frameHeight="407"/>
	<SubTexture name="MARCELLO NOTE RIGHT0037" x="2347" y="988" width="408" height="407" frameX="0" frameY="0" frameWidth="409" frameHeight="407"/>
	<SubTexture name="MARCELLO NOTE RIGHT0038" x="2347" y="988" width="408" height="407" frameX="0" frameY="0" frameWidth="409" frameHeight="407"/>
	<SubTexture name="MARCELLO NOTE RIGHT0039" x="2347" y="988" width="408" height="407" frameX="0" frameY="0" frameWidth="409" frameHeight="407"/>
	<SubTexture name="MARCELLO NOTE RIGHT0040" x="2347" y="988" width="408" height="407" frameX="0" frameY="0" frameWidth="409" frameHeight="407"/>
	<SubTexture name="MARCELLO NOTE RIGHT0041" x="2347" y="988" width="408" height="407" frameX="0" frameY="0" frameWidth="409" frameHeight="407"/>
	<SubTexture name="MARCELLO NOTE RIGHT0042" x="2347" y="988" width="408" height="407" frameX="0" frameY="0" frameWidth="409" frameHeight="407"/>
	<SubTexture name="MARCELLO NOTE RIGHT0043" x="2347" y="988" width="408" height="407" frameX="0" frameY="0" frameWidth="409" frameHeight="407"/>
	<SubTexture name="MARCELLO NOTE RIGHT0044" x="2347" y="988" width="408" height="407" frameX="0" frameY="0" frameWidth="409" frameHeight="407"/>
	<SubTexture name="MARCELLO NOTE RIGHT0045" x="2347" y="988" width="408" height="407" frameX="0" frameY="0" frameWidth="409" frameHeight="407"/>
	<SubTexture name="MARCELLO NOTE RIGHT0046" x="2347" y="988" width="408" height="407" frameX="0" frameY="0" frameWidth="409" frameHeight="407"/>
	<SubTexture name="MARCELLO NOTE RIGHT0047" x="2347" y="988" width="408" height="407" frameX="0" frameY="0" frameWidth="409" frameHeight="407"/>
	<SubTexture name="MARCELLO NOTE RIGHT0048" x="2347" y="988" width="408" height="407" frameX="0" frameY="0" frameWidth="409" frameHeight="407"/>
	<SubTexture name="MARCELLO NOTE RIGHT0049" x="2347" y="988" width="408" height="407" frameX="0" frameY="0" frameWidth="409" frameHeight="407"/>
	<SubTexture name="MARCELLO NOTE RIGHT0050" x="2347" y="988" width="408" height="407" frameX="0" frameY="0" frameWidth="409" frameHeight="407"/>
	<SubTexture name="MARCELLO NOTE RIGHT0051" x="2347" y="988" width="408" height="407" frameX="0" frameY="0" frameWidth="409" frameHeight="407"/>
	<SubTexture name="MARCELLO NOTE RIGHT0052" x="2347" y="988" width="408" height="407" frameX="0" frameY="0" frameWidth="409" frameHeight="407"/>
	<SubTexture name="MARCELLO NOTE RIGHT0053" x="2347" y="988" width="408" height="407" frameX="0" frameY="0" frameWidth="409" frameHeight="407"/>
	<SubTexture name="MARCELLO NOTE RIGHT0054" x="2347" y="988" width="408" height="407" frameX="0" frameY="0" frameWidth="409" frameHeight="407"/>
	<SubTexture name="MARCELLO NOTE RIGHT0055" x="2347" y="988" width="408" height="407" frameX="0" frameY="0" frameWidth="409" frameHeight="407"/>
	<SubTexture name="MARCELLO NOTE RIGHT0056" x="2347" y="988" width="408" height="407" frameX="0" frameY="0" frameWidth="409" frameHeight="407"/>
	<SubTexture name="MARCELLO NOTE RIGHT0057" x="2347" y="988" width="408" height="407" frameX="0" frameY="0" frameWidth="409" frameHeight="407"/>
	<SubTexture name="MARCELLO NOTE RIGHT0058" x="2347" y="988" width="408" height="407" frameX="0" frameY="0" frameWidth="409" frameHeight="407"/>
	<SubTexture name="MARCELLO NOTE RIGHT0059" x="2347" y="988" width="408" height="407" frameX="0" frameY="0" frameWidth="409" frameHeight="407"/>
	<SubTexture name="MARCELLO NOTE RIGHT0060" x="2347" y="988" width="408" height="407" frameX="0" frameY="0" frameWidth="409" frameHeight="407"/>
	<SubTexture name="MARCELLO NOTE RIGHT0061" x="2347" y="988" width="408" height="407" frameX="0" frameY="0" frameWidth="409" frameHeight="407"/>
	<SubTexture name="MARCELLO NOTE RIGHT MISS0000" x="1929" y="988" width="408" height="405" frameX="-7" frameY="-30" frameWidth="409" frameHeight="407"/>
	<SubTexture name="MARCELLO NOTE RIGHT MISS0001" x="2765" y="988" width="395" height="432" frameX="0" frameY="0" frameWidth="415" frameHeight="435"/>
	<SubTexture name="MARCELLO NOTE RIGHT MISS0002" x="2765" y="988" width="395" height="432" frameX="0" frameY="0" frameWidth="415" frameHeight="435"/>
	<SubTexture name="MARCELLO NOTE RIGHT MISS0003" x="3170" y="988" width="400" height="432" frameX="-1" frameY="0" frameWidth="415" frameHeight="435"/>
	<SubTexture name="MARCELLO NOTE RIGHT MISS0004" x="3170" y="988" width="400" height="432" frameX="-1" frameY="0" frameWidth="415" frameHeight="435"/>
	<SubTexture name="MARCELLO NOTE RIGHT MISS0005" x="3170" y="988" width="400" height="432" frameX="-1" frameY="0" frameWidth="415" frameHeight="435"/>
	<SubTexture name="MARCELLO NOTE RIGHT MISS0006" x="3170" y="988" width="400" height="432" frameX="-1" frameY="0" frameWidth="415" frameHeight="435"/>
	<SubTexture name="MARCELLO NOTE RIGHT MISS0007" x="3170" y="988" width="400" height="432" frameX="-1" frameY="0" frameWidth="415" frameHeight="435"/>
	<SubTexture name="MARCELLO NOTE RIGHT MISS0008" x="3170" y="988" width="400" height="432" frameX="-1" frameY="0" frameWidth="415" frameHeight="435"/>
	<SubTexture name="MARCELLO NOTE RIGHT MISS0009" x="3170" y="988" width="400" height="432" frameX="-1" frameY="0" frameWidth="415" frameHeight="435"/>
	<SubTexture name="MARCELLO NOTE RIGHT MISS0010" x="3170" y="988" width="400" height="432" frameX="-1" frameY="0" frameWidth="415" frameHeight="435"/>
	<SubTexture name="MARCELLO NOTE RIGHT MISS0011" x="3170" y="988" width="400" height="432" frameX="-1" frameY="0" frameWidth="415" frameHeight="435"/>
	<SubTexture name="MARCELLO NOTE RIGHT MISS0012" x="3170" y="988" width="400" height="432" frameX="-1" frameY="0" frameWidth="415" frameHeight="435"/>
	<SubTexture name="MARCELLO NOTE RIGHT MISS0013" x="3170" y="988" width="400" height="432" frameX="-1" frameY="0" frameWidth="415" frameHeight="435"/>
	<SubTexture name="MARCELLO NOTE RIGHT MISS0014" x="3170" y="988" width="400" height="432" frameX="-1" frameY="0" frameWidth="415" frameHeight="435"/>
	<SubTexture name="MARCELLO NOTE RIGHT MISS0015" x="3170" y="988" width="400" height="432" frameX="-1" frameY="0" frameWidth="415" frameHeight="435"/>
	<SubTexture name="MARCELLO NOTE RIGHT MISS0016" x="3170" y="988" width="400" height="432" frameX="-1" frameY="0" frameWidth="415" frameHeight="435"/>
	<SubTexture name="MARCELLO NOTE RIGHT MISS0017" x="3170" y="988" width="400" height="432" frameX="-1" frameY="0" frameWidth="415" frameHeight="435"/>
	<SubTexture name="MARCELLO NOTE RIGHT MISS0018" x="3170" y="988" width="400" height="432" frameX="-1" frameY="0" frameWidth="415" frameHeight="435"/>
	<SubTexture name="MARCELLO NOTE RIGHT MISS0019" x="3170" y="988" width="400" height="432" frameX="-1" frameY="0" frameWidth="415" frameHeight="435"/>
	<SubTexture name="MARCELLO NOTE RIGHT MISS0020" x="3170" y="988" width="400" height="432" frameX="-1" frameY="0" frameWidth="415" frameHeight="435"/>
	<SubTexture name="MARCELLO NOTE RIGHT MISS0021" x="3170" y="988" width="400" height="432" frameX="-1" frameY="0" frameWidth="415" frameHeight="435"/>
	<SubTexture name="MARCELLO NOTE RIGHT MISS0022" x="3170" y="988" width="400" height="432" frameX="-1" frameY="0" frameWidth="415" frameHeight="435"/>
	<SubTexture name="MARCELLO NOTE RIGHT MISS0023" x="3170" y="988" width="400" height="432" frameX="-1" frameY="0" frameWidth="415" frameHeight="435"/>
	<SubTexture name="MARCELLO NOTE RIGHT MISS0024" x="3170" y="988" width="400" height="432" frameX="-1" frameY="0" frameWidth="415" frameHeight="435"/>
	<SubTexture name="MARCELLO NOTE RIGHT MISS0025" x="3170" y="988" width="400" height="432" frameX="-1" frameY="0" frameWidth="415" frameHeight="435"/>
	<SubTexture name="MARCELLO NOTE RIGHT MISS0026" x="3170" y="988" width="400" height="432" frameX="-1" frameY="0" frameWidth="415" frameHeight="435"/>
	<SubTexture name="MARCELLO NOTE RIGHT MISS0027" x="3170" y="988" width="400" height="432" frameX="-1" frameY="0" frameWidth="415" frameHeight="435"/>
	<SubTexture name="MARCELLO NOTE RIGHT MISS0028" x="3170" y="988" width="400" height="432" frameX="-1" frameY="0" frameWidth="415" frameHeight="435"/>
	<SubTexture name="MARCELLO NOTE RIGHT MISS0029" x="3170" y="988" width="400" height="432" frameX="-1" frameY="0" frameWidth="415" frameHeight="435"/>
	<SubTexture name="MARCELLO NOTE RIGHT MISS0030" x="3170" y="988" width="400" height="432" frameX="-1" frameY="0" frameWidth="415" frameHeight="435"/>
	<SubTexture name="MARCELLO NOTE RIGHT MISS0031" x="3170" y="988" width="400" height="432" frameX="-1" frameY="0" frameWidth="415" frameHeight="435"/>
	<SubTexture name="MARCELLO NOTE RIGHT MISS0032" x="3170" y="988" width="400" height="432" frameX="-1" frameY="0" frameWidth="415" frameHeight="435"/>
	<SubTexture name="MARCELLO NOTE RIGHT MISS0033" x="3170" y="988" width="400" height="432" frameX="-1" frameY="0" frameWidth="415" frameHeight="435"/>
	<SubTexture name="MARCELLO NOTE RIGHT MISS0034" x="3170" y="988" width="400" height="432" frameX="-1" frameY="0" frameWidth="415" frameHeight="435"/>
	<SubTexture name="MARCELLO NOTE RIGHT MISS0035" x="3170" y="988" width="400" height="432" frameX="-1" frameY="0" frameWidth="415" frameHeight="435"/>
	<SubTexture name="MARCELLO NOTE RIGHT MISS0036" x="3170" y="988" width="400" height="432" frameX="-1" frameY="0" frameWidth="415" frameHeight="435"/>
	<SubTexture name="MARCELLO NOTE RIGHT MISS0037" x="3170" y="988" width="400" height="432" frameX="-1" frameY="0" frameWidth="415" frameHeight="435"/>
	<SubTexture name="MARCELLO NOTE RIGHT MISS0038" x="3170" y="988" width="400" height="432" frameX="-1" frameY="0" frameWidth="415" frameHeight="435"/>
	<SubTexture name="MARCELLO NOTE RIGHT MISS0039" x="3170" y="988" width="400" height="432" frameX="-1" frameY="0" frameWidth="415" frameHeight="435"/>
	<SubTexture name="MARCELLO NOTE RIGHT MISS0040" x="3170" y="988" width="400" height="432" frameX="-1" frameY="0" frameWidth="415" frameHeight="435"/>
	<SubTexture name="MARCELLO NOTE RIGHT MISS0041" x="3170" y="988" width="400" height="432" frameX="-1" frameY="0" frameWidth="415" frameHeight="435"/>
	<SubTexture name="MARCELLO NOTE RIGHT MISS0042" x="3170" y="988" width="400" height="432" frameX="-1" frameY="0" frameWidth="415" frameHeight="435"/>
	<SubTexture name="MARCELLO NOTE RIGHT MISS0043" x="3170" y="988" width="400" height="432" frameX="-1" frameY="0" frameWidth="415" frameHeight="435"/>
	<SubTexture name="MARCELLO NOTE RIGHT MISS0044" x="3170" y="988" width="400" height="432" frameX="-1" frameY="0" frameWidth="415" frameHeight="435"/>
	<SubTexture name="MARCELLO NOTE RIGHT MISS0045" x="3170" y="988" width="400" height="432" frameX="-1" frameY="0" frameWidth="415" frameHeight="435"/>
	<SubTexture name="MARCELLO NOTE UP0000" x="3580" y="988" width="369" height="446" frameX="-5" frameY="0" frameWidth="376" frameHeight="446"/>
	<SubTexture name="MARCELLO NOTE UP0001" x="3580" y="988" width="369" height="446" frameX="-5" frameY="0" frameWidth="376" frameHeight="446"/>
	<SubTexture name="MARCELLO NOTE UP0002" x="3959" y="988" width="376" height="441" frameX="0" frameY="-5" frameWidth="376" frameHeight="446"/>
	<SubTexture name="MARCELLO NOTE UP0003" x="3959" y="988" width="376" height="441" frameX="0" frameY="-5" frameWidth="376" frameHeight="446"/>
	<SubTexture name="MARCELLO NOTE UP0004" x="3959" y="988" width="376" height="441" frameX="0" frameY="-5" frameWidth="376" frameHeight="446"/>
	<SubTexture name="MARCELLO NOTE UP0005" x="3959" y="988" width="376" height="441" frameX="0" frameY="-5" frameWidth="376" frameHeight="446"/>
	<SubTexture name="MARCELLO NOTE UP0006" x="3959" y="988" width="376" height="441" frameX="0" frameY="-5" frameWidth="376" frameHeight="446"/>
	<SubTexture name="MARCELLO NOTE UP0007" x="3959" y="988" width="376" height="441" frameX="0" frameY="-5" frameWidth="376" frameHeight="446"/>
	<SubTexture name="MARCELLO NOTE UP0008" x="3959" y="988" width="376" height="441" frameX="0" frameY="-5" frameWidth="376" frameHeight="446"/>
	<SubTexture name="MARCELLO NOTE UP0009" x="3959" y="988" width="376" height="441" frameX="0" frameY="-5" frameWidth="376" frameHeight="446"/>
	<SubTexture name="MARCELLO NOTE UP0010" x="3959" y="988" width="376" height="441" frameX="0" frameY="-5" frameWidth="376" frameHeight="446"/>
	<SubTexture name="MARCELLO NOTE UP0011" x="3959" y="988" width="376" height="441" frameX="0" frameY="-5" frameWidth="376" frameHeight="446"/>
	<SubTexture name="MARCELLO NOTE UP0012" x="3959" y="988" width="376" height="441" frameX="0" frameY="-5" frameWidth="376" frameHeight="446"/>
	<SubTexture name="MARCELLO NOTE UP0013" x="3959" y="988" width="376" height="441" frameX="0" frameY="-5" frameWidth="376" frameHeight="446"/>
	<SubTexture name="MARCELLO NOTE UP0014" x="3959" y="988" width="376" height="441" frameX="0" frameY="-5" frameWidth="376" frameHeight="446"/>
	<SubTexture name="MARCELLO NOTE UP MISS0000" x="3580" y="988" width="369" height="446" frameX="-9" frameY="0" frameWidth="376" frameHeight="446"/>
	<SubTexture name="MARCELLO NOTE UP MISS0001" x="4345" y="988" width="360" height="427" frameX="0" frameY="-13" frameWidth="378" frameHeight="446"/>
	<SubTexture name="MARCELLO NOTE UP MISS0002" x="4345" y="988" width="360" height="427" frameX="0" frameY="-13" frameWidth="378" frameHeight="446"/>
	<SubTexture name="MARCELLO NOTE UP MISS0003" x="4715" y="988" width="357" height="430" frameX="-1" frameY="-10" frameWidth="378" frameHeight="446"/>
	<SubTexture name="MARCELLO NOTE UP MISS0004" x="4715" y="988" width="357" height="430" frameX="-1" frameY="-10" frameWidth="378" frameHeight="446"/>
	<SubTexture name="MARCELLO NOTE UP MISS0005" x="4715" y="988" width="357" height="430" frameX="-1" frameY="-10" frameWidth="378" frameHeight="446"/>
	<SubTexture name="MARCELLO NOTE UP MISS0006" x="4715" y="988" width="357" height="430" frameX="-1" frameY="-10" frameWidth="378" frameHeight="446"/>
	<SubTexture name="MARCELLO NOTE UP MISS0007" x="4715" y="988" width="357" height="430" frameX="-1" frameY="-10" frameWidth="378" frameHeight="446"/>
	<SubTexture name="MARCELLO NOTE UP MISS0008" x="4715" y="988" width="357" height="430" frameX="-1" frameY="-10" frameWidth="378" frameHeight="446"/>
	<SubTexture name="MARCELLO NOTE UP MISS0009" x="4715" y="988" width="357" height="430" frameX="-1" frameY="-10" frameWidth="378" frameHeight="446"/>
	<SubTexture name="MARCELLO NOTE UP MISS0010" x="4715" y="988" width="357" height="430" frameX="-1" frameY="-10" frameWidth="378" frameHeight="446"/>
	<SubTexture name="MARCELLO NOTE UP MISS0011" x="4715" y="988" width="357" height="430" frameX="-1" frameY="-10" frameWidth="378" frameHeight="446"/>
	<SubTexture name="MARCELLO NOTE UP MISS0012" x="4715" y="988" width="357" height="430" frameX="-1" frameY="-10" frameWidth="378" frameHeight="446"/>
	<SubTexture name="MARCELLO NOTE UP MISS0013" x="4715" y="988" width="357" height="430" frameX="-1" frameY="-10" frameWidth="378" frameHeight="446"/>
	<SubTexture name="MARCELLO NOTE UP MISS0014" x="4715" y="988" width="357" height="430" frameX="-1" frameY="-10" frameWidth="378" frameHeight="446"/>
	<SubTexture name="MARCELLO NOTE UP MISS0015" x="4715" y="988" width="357" height="430" frameX="-1" frameY="-10" frameWidth="378" frameHeight="446"/>
	<SubTexture name="MARCELLO NOTE UP MISS0016" x="4715" y="988" width="357" height="430" frameX="-1" frameY="-10" frameWidth="378" frameHeight="446"/>
	<SubTexture name="MARCELLO NOTE UP MISS0017" x="4715" y="988" width="357" height="430" frameX="-1" frameY="-10" frameWidth="378" frameHeight="446"/>
	<SubTexture name="MARCELLO NOTE UP MISS0018" x="4715" y="988" width="357" height="430" frameX="-1" frameY="-10" frameWidth="378" frameHeight="446"/>
	<SubTexture name="MARCELLO NOTE UP MISS0019" x="4715" y="988" width="357" height="430" frameX="-1" frameY="-10" frameWidth="378" frameHeight="446"/>
	<SubTexture name="MARCELLO NOTE UP MISS0020" x="4715" y="988" width="357" height="430" frameX="-1" frameY="-10" frameWidth="378" frameHeight="446"/>
	<SubTexture name="MARCELLO NOTE UP MISS0021" x="4715" y="988" width="357" height="430" frameX="-1" frameY="-10" frameWidth="378" frameHeight="446"/>
	<SubTexture name="MARCELLO NOTE UP MISS0022" x="4715" y="988" width="357" height="430" frameX="-1" frameY="-10" frameWidth="378" frameHeight="446"/>
	<SubTexture name="MARCELLO NOTE UP MISS0023" x="4715" y="988" width="357" height="430" frameX="-1" frameY="-10" frameWidth="378" frameHeight="446"/>
	<SubTexture name="MARCELLO dies0000" x="5082" y="988" width="433" height="415" frameX="-1" frameY="0" frameWidth="439" frameHeight="445"/>
	<SubTexture name="MARCELLO dies0001" x="5525" y="988" width="433" height="415" frameX="-1" frameY="0" frameWidth="439" frameHeight="445"/>
	<SubTexture name="MARCELLO dies0002" x="5968" y="988" width="439" height="412" frameX="0" frameY="-6" frameWidth="439" frameHeight="445"/>
	<SubTexture name="MARCELLO dies0003" x="6417" y="988" width="439" height="412" frameX="0" frameY="-6" frameWidth="439" frameHeight="445"/>
	<SubTexture name="MARCELLO dies0004" x="6866" y="988" width="439" height="412" frameX="0" frameY="-6" frameWidth="439" frameHeight="445"/>
	<SubTexture name="MARCELLO dies0005" x="7315" y="988" width="439" height="412" frameX="0" frameY="-6" frameWidth="439" frameHeight="445"/>
	<SubTexture name="MARCELLO hit0000" x="4939" y="1893" width="429" height="425" frameX="0" frameY="-16" frameWidth="451" frameHeight="441"/>
	<SubTexture name="MARCELLO hit0001" x="5378" y="1893" width="418" height="441" frameX="-4" frameY="0" frameWidth="451" frameHeight="441"/>
	<SubTexture name="MARCELLO hit0002" x="5806" y="1893" width="392" height="393" frameX="-59" frameY="-38" frameWidth="451" frameHeight="441"/>
	<SubTexture name="MARCELLO hit0003" x="6208" y="1893" width="392" height="393" frameX="-59" frameY="-38" frameWidth="451" frameHeight="441"/>
	<SubTexture name="MARCELLO hit0004" x="6610" y="1893" width="378" height="392" frameX="-58" frameY="-39" frameWidth="451" frameHeight="441"/>
	<SubTexture name="MARCELLO hit0005" x="6998" y="1893" width="378" height="392" frameX="-58" frameY="-39" frameWidth="451" frameHeight="441"/>
	<SubTexture name="MARCELLO hit0006" x="7386" y="1893" width="392" height="392" frameX="-47" frameY="-39" frameWidth="451" frameHeight="441"/>
	<SubTexture name="MARCELLO hit0007" x="7788" y="1893" width="392" height="392" frameX="-47" frameY="-39" frameWidth="451" frameHeight="441"/>
	<SubTexture name="MARCELLO hit0008" x="7386" y="1893" width="392" height="392" frameX="-47" frameY="-39" frameWidth="451" frameHeight="441"/>
	<SubTexture name="MARCELLO hit0009" x="7788" y="1893" width="392" height="392" frameX="-47" frameY="-39" frameWidth="451" frameHeight="441"/>
	<SubTexture name="MARCELLO hit0010" x="7386" y="1893" width="392" height="392" frameX="-47" frameY="-39" frameWidth="451" frameHeight="441"/>
	<SubTexture name="MARCELLO hit0011" x="7788" y="1893" width="392" height="392" frameX="-47" frameY="-39" frameWidth="451" frameHeight="441"/>
	<SubTexture name="MARCELLO hit0012" x="7386" y="1893" width="392" height="392" frameX="-47" frameY="-39" frameWidth="451" frameHeight="441"/>
	<SubTexture name="MARCELLO hit0013" x="7788" y="1893" width="392" height="392" frameX="-47" frameY="-39" frameWidth="451" frameHeight="441"/>
	<SubTexture name="MARCELLO hit0014" x="7386" y="1893" width="392" height="392" frameX="-47" frameY="-39" frameWidth="451" frameHeight="441"/>
	<SubTexture name="MARCELLO hit0015" x="7788" y="1893" width="392" height="392" frameX="-47" frameY="-39" frameWidth="451" frameHeight="441"/>
	<SubTexture name="MARCELLO hit0016" x="7386" y="1893" width="392" height="392" frameX="-47" frameY="-39" frameWidth="451" frameHeight="441"/>
	<SubTexture name="MARCELLO hit0017" x="7788" y="1893" width="392" height="392" frameX="-47" frameY="-39" frameWidth="451" frameHeight="441"/>
	<SubTexture name="MARCELLO hit0018" x="7386" y="1893" width="392" height="392" frameX="-47" frameY="-39" frameWidth="451" frameHeight="441"/>
	<SubTexture name="MARCELLO idle dance0000" x="0" y="2344" width="406" height="392" frameX="-1" frameY="-20" frameWidth="411" frameHeight="412"/>
	<SubTexture name="MARCELLO idle dance0001" x="0" y="2344" width="406" height="392" frameX="-1" frameY="-20" frameWidth="411" frameHeight="412"/>
	<SubTexture name="MARCELLO idle dance0002" x="416" y="2344" width="408" height="393" frameX="0" frameY="-19" frameWidth="411" frameHeight="412"/>
	<SubTexture name="MARCELLO idle dance0003" x="416" y="2344" width="408" height="393" frameX="0" frameY="-19" frameWidth="411" frameHeight="412"/>
	<SubTexture name="MARCELLO idle dance0004" x="834" y="2344" width="405" height="398" frameX="-3" frameY="-14" frameWidth="411" frameHeight="412"/>
	<SubTexture name="MARCELLO idle dance0005" x="834" y="2344" width="405" height="398" frameX="-3" frameY="-14" frameWidth="411" frameHeight="412"/>
	<SubTexture name="MARCELLO idle dance0006" x="1249" y="2344" width="410" height="411" frameX="-1" frameY="-1" frameWidth="411" frameHeight="412"/>
	<SubTexture name="MARCELLO idle dance0007" x="1249" y="2344" width="410" height="411" frameX="-1" frameY="-1" frameWidth="411" frameHeight="412"/>
	<SubTexture name="MARCELLO idle dance0008" x="1669" y="2344" width="408" height="412" frameX="-2" frameY="0" frameWidth="411" frameHeight="412"/>
	<SubTexture name="MARCELLO idle dance0009" x="1669" y="2344" width="408" height="412" frameX="-2" frameY="0" frameWidth="411" frameHeight="412"/>
	<SubTexture name="MARCELLO idle dance0010" x="1669" y="2344" width="408" height="412" frameX="-2" frameY="0" frameWidth="411" frameHeight="412"/>
	<SubTexture name="MARCELLO idle dance0011" x="1669" y="2344" width="408" height="412" frameX="-2" frameY="0" frameWidth="411" frameHeight="412"/>
	<SubTexture name="MARCELLO idle dance0012" x="1669" y="2344" width="408" height="412" frameX="-2" frameY="0" frameWidth="411" frameHeight="412"/>
	<SubTexture name="MARCELLO idle dance0013" x="1669" y="2344" width="408" height="412" frameX="-2" frameY="0" frameWidth="411" frameHeight="412"/>
	<SubTexture name="MARCELLO idle shaking0000" x="2087" y="2344" width="408" height="412" frameX="-1" frameY="-1" frameWidth="410" frameHeight="413"/>
	<SubTexture name="MARCELLO idle shaking0001" x="2505" y="2344" width="408" height="412" frameX="-2" frameY="-1" frameWidth="410" frameHeight="413"/>
	<SubTexture name="MARCELLO idle shaking0002" x="2923" y="2344" width="408" height="413" frameX="-1" frameY="0" frameWidth="410" frameHeight="413"/>
	<SubTexture name="MARCELLO idle shaking0003" x="3341" y="2344" width="410" height="413"/>
	<SubTexture name="MARCELLO pre attack0000" x="3761" y="2344" width="386" height="373" frameX="0" frameY="-1" frameWidth="386" frameHeight="374"/>
	<SubTexture name="MARCELLO pre attack0001" x="3761" y="2344" width="386" height="373" frameX="0" frameY="-1" frameWidth="386" frameHeight="374"/>
	<SubTexture name="MARCELLO pre attack0002" x="4157" y="2344" width="382" height="374" frameX="-2" frameY="0" frameWidth="386" frameHeight="374"/>
	<SubTexture name="MARCELLO pre attack0003" x="4157" y="2344" width="382" height="374" frameX="-2" frameY="0" frameWidth="386" frameHeight="374"/>
	<SubTexture name="MARCELLO pre attack0004" x="4549" y="2344" width="382" height="374" frameX="-2" frameY="0" frameWidth="386" frameHeight="374"/>
	<SubTexture name="MARCELLO pre attack0005" x="4549" y="2344" width="382" height="374" frameX="-2" frameY="0" frameWidth="386" frameHeight="374"/>
	<SubTexture name="MARCELLO pre attack0006" x="4549" y="2344" width="382" height="374" frameX="-2" frameY="0" frameWidth="386" frameHeight="374"/>
	<SubTexture name="MARCELLO pre attack0007" x="4549" y="2344" width="382" height="374" frameX="-2" frameY="0" frameWidth="386" frameHeight="374"/>
	<SubTexture name="MARCELLO pre attack0008" x="4549" y="2344" width="382" height="374" frameX="-2" frameY="0" frameWidth="386" frameHeight="374"/>
	<SubTexture name="MARCELLO pre attack0009" x="4549" y="2344" width="382" height="374" frameX="-2" frameY="0" frameWidth="386" frameHeight="374"/>
	<SubTexture name="MARCELLO pre attack0010" x="4549" y="2344" width="382" height="374" frameX="-2" frameY="0" frameWidth="386" frameHeight="374"/>
	<SubTexture name="MARCELLO pre attack0011" x="4549" y="2344" width="382" height="374" frameX="-2" frameY="0" frameWidth="386" frameHeight="374"/>
	<SubTexture name="MARCELLO pre attack0012" x="4549" y="2344" width="382" height="374" frameX="-2" frameY="0" frameWidth="386" frameHeight="374"/>
	<SubTexture name="MARCELLO pre attack0013" x="4549" y="2344" width="382" height="374" frameX="-2" frameY="0" frameWidth="386" frameHeight="374"/>
	<SubTexture name="MARCELLO pre attack0014" x="4549" y="2344" width="382" height="374" frameX="-2" frameY="0" frameWidth="386" frameHeight="374"/>
	<SubTexture name="MARCELLO pre attack0015" x="4549" y="2344" width="382" height="374" frameX="-2" frameY="0" frameWidth="386" frameHeight="374"/>
	<SubTexture name="MARCELLO pre attack0016" x="4549" y="2344" width="382" height="374" frameX="-2" frameY="0" frameWidth="386" frameHeight="374"/>
	<SubTexture name="MARCELLO pre attack0017" x="4549" y="2344" width="382" height="374" frameX="-2" frameY="0" frameWidth="386" frameHeight="374"/>
	<SubTexture name="MARCELLO pre attack0018" x="4549" y="2344" width="382" height="374" frameX="-2" frameY="0" frameWidth="386" frameHeight="374"/>
	<SubTexture name="MARCELLO pre attack0019" x="4549" y="2344" width="382" height="374" frameX="-2" frameY="0" frameWidth="386" frameHeight="374"/>
	<SubTexture name="MARCELLO pre attack0020" x="4549" y="2344" width="382" height="374" frameX="-2" frameY="0" frameWidth="386" frameHeight="374"/>
	<SubTexture name="MARCELLO pre attack0021" x="4549" y="2344" width="382" height="374" frameX="-2" frameY="0" frameWidth="386" frameHeight="374"/>
	<SubTexture name="MARCELLO pre attack0022" x="4549" y="2344" width="382" height="374" frameX="-2" frameY="0" frameWidth="386" frameHeight="374"/>
	<SubTexture name="MARCELLO pre attack0023" x="4549" y="2344" width="382" height="374" frameX="-2" frameY="0" frameWidth="386" frameHeight="374"/>
	<SubTexture name="MARCELLO pre attack0024" x="4549" y="2344" width="382" height="374" frameX="-2" frameY="0" frameWidth="386" frameHeight="374"/>
	<SubTexture name="MARCELLO pre attack0025" x="4549" y="2344" width="382" height="374" frameX="-2" frameY="0" frameWidth="386" frameHeight="374"/>
	<SubTexture name="MARCELLO pre attack0026" x="4549" y="2344" width="382" height="374" frameX="-2" frameY="0" frameWidth="386" frameHeight="374"/>
	<SubTexture name="MARCELLO pre attack0027" x="4549" y="2344" width="382" height="374" frameX="-2" frameY="0" frameWidth="386" frameHeight="374"/>
	<SubTexture name="MARCELLO pre attack0028" x="4549" y="2344" width="382" height="374" frameX="-2" frameY="0" frameWidth="386" frameHeight="374"/>
	<SubTexture name="MARCELLO pre attack0029" x="4549" y="2344" width="382" height="374" frameX="-2" frameY="0" frameWidth="386" frameHeight="374"/>
	<SubTexture name="boyfriend attack0000" x="4941" y="2344" width="697" height="597" frameX="0" frameY="-87" frameWidth="708" frameHeight="685"/>
	<SubTexture name="boyfriend attack0001" x="4941" y="2344" width="697" height="597" frameX="0" frameY="-87" frameWidth="708" frameHeight="685"/>
	<SubTexture name="boyfriend attack0002" x="5648" y="2344" width="603" height="660" frameX="-102" frameY="-24" frameWidth="708" frameHeight="685"/>
	<SubTexture name="boyfriend attack0003" x="5648" y="2344" width="603" height="660" frameX="-102" frameY="-24" frameWidth="708" frameHeight="685"/>
	<SubTexture name="boyfriend attack0004" x="6261" y="2344" width="444" height="684" frameX="-263" frameY="0" frameWidth="708" frameHeight="685"/>
	<SubTexture name="boyfriend attack0005" x="6261" y="2344" width="444" height="684" frameX="-263" frameY="0" frameWidth="708" frameHeight="685"/>
	<SubTexture name="boyfriend attack0006" x="6715" y="2344" width="501" height="630" frameX="-207" frameY="-55" frameWidth="708" frameHeight="685"/>
	<SubTexture name="boyfriend dodge0000" x="7226" y="2344" width="375" height="404" frameX="-3" frameY="0" frameWidth="380" frameHeight="404"/>
	<SubTexture name="boyfriend dodge0001" x="7611" y="2344" width="375" height="404" frameX="-3" frameY="0" frameWidth="380" frameHeight="404"/>
	<SubTexture name="boyfriend dodge0002" x="0" y="3038" width="380" height="403" frameX="0" frameY="-1" frameWidth="380" frameHeight="404"/>
	<SubTexture name="boyfriend dodge0003" x="390" y="3038" width="380" height="403" frameX="0" frameY="-1" frameWidth="380" frameHeight="404"/>
	<SubTexture name="boyfriend dodge0004" x="780" y="3038" width="380" height="403" frameX="0" frameY="-1" frameWidth="380" frameHeight="404"/>
	<SubTexture name="boyfriend dodge0005" x="0" y="3038" width="380" height="403" frameX="0" frameY="-1" frameWidth="380" frameHeight="404"/>
	<SubTexture name="boyfriend dodge0006" x="390" y="3038" width="380" height="403" frameX="0" frameY="-1" frameWidth="380" frameHeight="404"/>
	<SubTexture name="boyfriend dodge0007" x="780" y="3038" width="380" height="403" frameX="0" frameY="-1" frameWidth="380" frameHeight="404"/>
	<SubTexture name="boyfriend dodge0008" x="0" y="3038" width="380" height="403" frameX="0" frameY="-1" frameWidth="380" frameHeight="404"/>
	<SubTexture name="boyfriend dodge0009" x="390" y="3038" width="380" height="403" frameX="0" frameY="-1" frameWidth="380" frameHeight="404"/>
	<SubTexture name="boyfriend dodge0010" x="780" y="3038" width="380" height="403" frameX="0" frameY="-1" frameWidth="380" frameHeight="404"/>
	<SubTexture name="boyfriend dodge0011" x="0" y="3038" width="380" height="403" frameX="0" frameY="-1" frameWidth="380" frameHeight="404"/>
	<SubTexture name="boyfriend dodge0012" x="390" y="3038" width="380" height="403" frameX="0" frameY="-1" frameWidth="380" frameHeight="404"/>
	<SubTexture name="boyfriend dodge0013" x="780" y="3038" width="380" height="403" frameX="0" frameY="-1" frameWidth="380" frameHeight="404"/>
	<SubTexture name="boyfriend dodge0014" x="0" y="3038" width="380" height="403" frameX="0" frameY="-1" frameWidth="380" frameHeight="404"/>
</TextureAtlas>
