{
	"animations": [
		{
			"loop": false,
			"offsets": [
				0,
				0
			],
			"fps": 24,
			"anim": "idle",
			"indices": [],
			"name": "Pico Idle Dance"
		},
		{
			"loop": false,
			"offsets": [
				24,
				0
			],
			"fps": 24,
			"anim": "singLEFT",
			"indices": [],
			"name": "Pico Note Right0"
		},
		{
			"loop": false,
			"offsets": [
				-35,
				-11
			],
			"fps": 24,
			"anim": "singRIGHT",
			"indices": [],
			"name": "Pico NOTE LEFT0"
		},
		{
			"loop": false,
			"offsets": [
				10,
				12
			],
			"fps": 24,
			"anim": "singUP",
			"indices": [],
			"name": "pico Up note0"
		},
		{
			"loop": false,
			"offsets": [
				-17,
				-47
			],
			"fps": 24,
			"anim": "singDOWN",
			"indices": [],
			"name": "Pico Down Note0"
		},
		{
			"loop": false,
			"offsets": [
				0,
				0
			],
			"anim": "burp",
			"fps": 24,
			"name": "Pico Brups",
			"indices": []
		},
		{
			"loop": false,
			"offsets": [
				6,
				15
			],
			"anim": "noBF",
			"fps": 24,
			"name": "Pico Studies The Bud",
			"indices": []
		},
		{
			"loop": false,
			"offsets": [
				36,
				11
			],
			"anim": "smonk",
			"fps": 24,
			"name": "Pico smonker",
			"indices": []
		}
	],
	"vocals_file": "pico",
	"no_antialiasing": false,
	"image": "characters/Pico_FNF_assetss",
	"position": [
		0,
		300
	],
	"healthicon": "pico",
	"flip_x": true,
	"healthbar_colors": [
		183,
		216,
		85
	],
	"camera_position": [
		-290,
		0
	],
	"sing_duration": 5.99999999999999,
	"scale": 1,
	"_editor_isPlayer": false
}