{
	"songs": [
		[
			"patheticed",
			"beavis",
			[
				146,
				113,
				253
			]
		],
		[
			"patheticed butthead",
			"butt-head",
			[
				146,
				113,
				253
			]
		]
	],
	"hiddenUntilUnlocked": false,
	"hideFreeplay": false,
	"weekBackground": "beavisandbutthead",
	"difficulties": "",
	"weekCharacters": [
		"",
		"",
		""
	],
	"storyName": "beavis",
	"weekName": "butt-head",
	"freeplayColor": [
		146,
		113,
		253
	],
	"hideStoryMode": false,
	"weekBefore": "tutorial",
	"startUnlocked": true
}