{
	"animations": [
		{
			"loop": false,
			"offsets": [
				130,
				-30
			],
			"anim": "idle",
			"fps": 24,
			"name": "idle",
			"indices": []
		},
		{
			"loop": false,
			"offsets": [
				130,
				-30
			],
			"anim": "singLEFT",
			"fps": 24,
			"name": "left",
			"indices": []
		},
		{
			"loop": false,
			"offsets": [
				130,
				-30
			],
			"anim": "singDOWN",
			"fps": 24,
			"name": "down",
			"indices": []
		},
		{
			"loop": false,
			"offsets": [
				130,
				-30
			],
			"anim": "singUP",
			"fps": 24,
			"name": "up",
			"indices": []
		},
		{
			"loop": false,
			"offsets": [
				130,
				-30
			],
			"anim": "singRIGHT",
			"fps": 24,
			"name": "right",
			"indices": []
		}
	],
	"vocals_file": "",
	"no_antialiasing": false,
	"image": "characters/beavis",
	"position": [
		0,
		0
	],
	"healthicon": "beavis",
	"flip_x": false,
	"healthbar_colors": [
		255,
		225,
		1
	],
	"camera_position": [
		0,
		0
	],
	"sing_duration": 6.1,
	"scale": 1,
	"_editor_isPlayer": false
}