{
	"animations": [
		{
			"offsets": [
				130,
				-30
			],
			"loop": false,
			"fps": 24,
			"anim": "idle",
			"indices": [],
			"name": "idle"
		},
		{
			"offsets": [
				130,
				-30
			],
			"loop": false,
			"fps": 24,
			"anim": "singLEFT",
			"indices": [],
			"name": "left"
		},
		{
			"offsets": [
				130,
				-30
			],
			"loop": false,
			"fps": 24,
			"anim": "singDOWN",
			"indices": [],
			"name": "down"
		},
		{
			"offsets": [
				130,
				-30
			],
			"loop": false,
			"fps": 24,
			"anim": "singUP",
			"indices": [],
			"name": "up"
		},
		{
			"offsets": [
				130,
				-30
			],
			"loop": false,
			"fps": 24,
			"anim": "singRIGHT",
			"indices": [],
			"name": "right"
		}
	],
	"vocals_file": "",
	"no_antialiasing": false,
	"image": "characters/butt-head",
	"position": [
		0,
		0
	],
	"healthicon": "butt-head",
	"flip_x": false,
	"healthbar_colors": [
		186,
		130,
		18
	],
	"camera_position": [
		0,
		0
	],
	"sing_duration": 6.1,
	"scale": 1,
	"_editor_isPlayer": false
}